site,DateTime_UTC,date,time,watertemp_C,DO_mgL,spc_uscm,pH,NTU,waterdepth_cm,notes,air_temp,airpres_mmHg,DO_pctsat,depthtosensor_cm,sensoroffset_cm
UNHC,2016-07-13T17:00:00Z,7/13/2016,12:00:00,NA,NA,NA,NA,NA,45,NA,32.2,764.0131532,NA,NA,NA
UNHC,2016-07-15T19:00:00Z,7/15/2016,14:00:00,NA,NA,NA,NA,NA,40,NA,34.4,762.5580329,NA,NA,NA
UNHC,2016-07-21T21:00:00Z,7/21/2016,16:00:00,24.4,NA,NA,NA,NA,40,NA,32.2,764.5381966,NA,NA,NA
UNHC,2016-08-04T18:00:00Z,8/4/2016,13:00:00,24.3,NA,NA,NA,NA,44,NA,29.4,763.6381222,NA,NA,NA
UNHC,2016-08-24T17:15:00Z,8/24/2016,12:15:00,23.2,NA,NA,NA,NA,NA,NA,27.8,769.0385686,NA,NA,NA
UNHC,2016-09-09T17:30:00Z,9/9/2016,12:30:00,NA,NA,NA,NA,NA,NA,NA,33.85,762.4005199,NA,NA,NA
UNHC,2016-09-15T16:15:00Z,9/15/2016,11:15:00,21.9,NA,116.1,NA,NA,45,NA,29.975,765.0444885,NA,NA,NA
NHC,2016-09-15T18:00:00Z,9/15/2016,13:00:00,22.8,NA,89,NA,NA,98,NA,31.7,764.4631904,NA,NA,NA
NHC,2016-09-22T13:00:00Z,9/22/2016,8:00:00,20.8,NA,103,NA,NA,130,NA,22.8,763.2630912,NA,NA,NA
UNHC,2016-09-22T15:00:00Z,9/22/2016,10:00:00,20.8,NA,79.5,NA,NA,69,NA,23.9,763.6381222,NA,NA,NA
NHC,2016-10-06T13:30:00Z,10/6/2016,8:30:00,18.8,NA,99.6,6.923,NA,80,NA,17.8,767.6509539,NA,NA,NA
UNHC,2016-10-06T16:15:00Z,10/6/2016,11:15:00,18.2,NA,113,NA,NA,39.5,NA,20.725,767.2009167,NA,NA,NA
NHC,2016-10-11T14:00:00Z,10/11/2016,9:00:00,14.8,NA,59.8,NA,NA,103,NA,12.8,773.3889282,NA,NA,NA
NHC,2016-10-13T13:45:00Z,10/13/2016,8:45:00,14.4,NA,78.5,NA,NA,NA,NA,15.85,766.4883578,NA,NA,NA
UNHC,2016-10-13T14:45:00Z,10/13/2016,9:45:00,14,NA,85.8,NA,NA,48,NA,19.625,766.1508299,NA,NA,NA
NHC,2016-10-17T14:30:00Z,10/17/2016,9:30:00,16.2,NA,90.3,NA,NA,93,NA,21.7,764.3881842,NA,NA,NA
UNHC,2016-10-17T15:15:00Z,10/17/2016,10:15:00,15.7,NA,100,NA,NA,45,NA,23.35,764.1256625,NA,NA,NA
NHC,2016-10-27T14:00:00Z,10/27/2016,9:00:00,12.2,NA,95.3,NA,NA,95,NA,16.7,770.313674,NA,NA,NA
UNHC,2016-10-27T15:00:00Z,10/27/2016,10:00:00,11.5,NA,100.7,NA,NA,NA,NA,19.4,770.0886554,NA,NA,NA
NHC,2016-11-04T14:15:00Z,11/4/2016,9:15:00,17.1,NA,107.2,NA,NA,89.5,NA,16.375,766.8633888,NA,NA,NA
UNHC,2016-11-04T15:00:00Z,11/4/2016,10:00:00,16.5,NA,117.6,NA,NA,51,NA,17.2,767.0884074,NA,NA,NA
UNHC,2016-11-16T17:30:00Z,11/16/2016,12:30:00,9.4,NA,93.3,NA,NA,52,NA,18.3,760.1503339,NA,NA,NA
NHC,2016-11-16T18:30:00Z,11/16/2016,13:30:00,9.4,NA,88.4,NA,NA,95,NA,19.15,759.5877874,NA,NA,NA
NHC,2016-11-22T14:30:00Z,11/22/2016,9:30:00,6.3,NA,87.3,NA,NA,93,NA,5.8,769.3760965,NA,NA,NA
UNHC,2016-11-22T15:45:00Z,11/22/2016,10:40:00,5.2,NA,90.1,NA,NA,55,NA,8.475,769.5261089,NA,NA,NA
NHC,2016-12-01T13:45:00Z,12/1/2016,8:45:00,13.7,NA,101,NA,NA,100,NA,13.625,758.3501851,NA,NA,NA
UNHC,2016-12-01T15:30:00Z,12/1/2016,10:30:00,13.3,NA,118,NA,NA,57.5,NA,14.7,758.9502347,NA,NA,NA
NHC,2016-12-06T15:00:00Z,12/6/2016,10:00:00,10.8,NA,93.9,NA,NA,100,NA,7.8,759.6627936,NA,NA,NA
UNHC,2016-12-06T16:00:00Z,12/6/2016,11:00:00,9.3,NA,99,NA,NA,57,NA,8.3,758.312682,NA,NA,NA
NHC,2016-12-16T15:15:00Z,12/16/2016,10:20:00,4.5,NA,81,NA,NA,98,NA,-3.025,775.3390894,NA,NA,NA
UNHC,2016-12-16T17:00:00Z,12/16/2016,12:00:00,2.7,NA,82.1,NA,NA,46.5,NA,-1.1,774.5140212,NA,NA,NA
NHC,2016-12-27T15:15:00Z,12/27/2016,10:20:00,10.4,NA,100.8,NA,NA,91,NA,14.175,765.8320536,NA,NA,NA
UNHC,2016-12-27T16:15:00Z,12/27/2016,11:20:00,10.8,NA,104,NA,NA,41,NA,15.15,765.4195194,NA,NA,NA
NHC,2017-01-04T15:30:00Z,1/4/2017,10:30:00,10.9,NA,74.6,NA,NA,115,NA,15.25,754.4873658,NA,NA,NA
UNHC,2017-01-04T17:15:00Z,1/4/2017,12:10:00,11.1,NA,78.9,NA,NA,52,NA,16.925,754.4686143,NA,NA,NA
NHC,2017-01-12T15:00:00Z,1/12/2017,10:00:00,3.3,NA,89.2,NA,NA,120,NA,16.7,771.1387422,NA,NA,NA
UNHC,2017-01-12T15:45:00Z,1/12/2017,10:45:00,4.3,NA,175,NA,NA,56,NA,18.35,770.857469,NA,NA,NA
UNHC,2017-01-13T18:00:00Z,1/13/2017,13:00:00,12.7,NA,107.5,NA,NA,NA,NA,22.2,772.1138228,NA,NA,NA
NHC,2017-01-13T19:00:00Z,1/13/2017,14:00:00,11.8,NA,96.5,NA,NA,100,NA,23.9,771.813798,NA,NA,NA
NHC,2017-01-20T14:45:00Z,1/20/2017,9:45:00,9,NA,93.3,NA,NA,99,NA,9.725,759.9065637,NA,NA,NA
NHC,2017-01-23T14:30:00Z,1/23/2017,9:30:00,11.3,NA,73,NA,NA,NA,Flow too high,11.7,743.1614296,NA,NA,NA
NHC,2017-01-27T15:15:00Z,1/27/2017,10:15:00,9.1,NA,64.1,NA,NA,111,NA,7.475,760.7878866,NA,NA,NA
UNHC,2017-01-27T16:15:00Z,1/27/2017,11:15:00,9.5,NA,76.3,NA,NA,58,NA,8.575,760.5066134,NA,NA,NA
NHC,2017-02-01T15:00:00Z,2/1/2017,10:00:00,6.6,NA,84.8,NA,NA,97.5,NA,11.7,763.6381222,NA,NA,NA
UNHC,2017-02-01T16:30:00Z,2/1/2017,11:30:00,7,NA,90.9,NA,NA,46.5,NA,14.2,762.9630664,NA,NA,NA
NHC,2017-02-03T15:00:00Z,2/3/2017,10:00:00,7.8,11.45,NA,6.51,2.3,NA,NA,3.3,769.0385686,0.950682649,NA,NA
NHC,2017-02-07T17:00:00Z,2/7/2017,12:00:00,8,12.33,NA,6.43,39.2,93,Storm,19.4,761.31293,1.03932349,NA,NA
NHC,2017-02-09T15:00:00Z,2/9/2017,10:00:00,10.8,10.59,NA,6.44,2.5,102,NA,8.3,757.187589,0.959517479,NA,NA
UNHC,2017-02-09T16:00:00Z,2/9/2017,11:00:00,11.1,7.6,NA,6.22,25.2,56,NA,8.9,758.687713,0.692021167,NA,NA
NHC,2017-02-15T18:00:00Z,2/15/2017,13:00:00,9.8,11.37,NA,6.3,1.1,98,NA,8.9,750.0995031,1.015939602,NA,NA
UNHC,2017-02-15T19:30:00Z,2/15/2017,14:30:00,9.2,12.82,NA,6.99,3,50.5,NA,11.15,750.1745093,1.129147498,NA,NA
NHC,2017-02-23T15:00:00Z,2/23/2017,10:00:00,12.5,9.91,NA,6.8,1,83,NA,18.9,761.0879114,0.928684446,NA,NA
UNHC,2017-02-23T15:30:00Z,2/23/2017,10:30:00,12.9,10.23,NA,7,7,44,NA,20,761.0504083,0.967374267,NA,NA
NHC,2017-02-28T14:15:00Z,2/28/2017,9:15:00,10.6,10.51,NA,6.62,1,90,NA,16.55,769.9011399,0.931996197,NA,NA
UNHC,2017-02-28T15:00:00Z,2/28/2017,10:00:00,10.7,10.45,NA,6.47,5.6,47,NA,19.4,769.7886306,0.928973599,NA,NA
NHC,2017-03-08T15:00:00Z,3/8/2017,10:00:00,13.4,10.29,NA,7.52,1.7,88.5,NA,14.4,767.9884818,0.974928301,NA,NA
UNHC,2017-03-08T16:00:00Z,3/8/2017,11:00:00,13.4,11.09,NA,7.72,7.5,49,NA,16.7,767.7634632,1.051037116,NA,NA
NHC,2017-03-14T14:00:00Z,3/14/2017,9:00:00,6.1,11.83,NA,7.65,1.9,106,NA,3.9,753.81231,0.960705191,NA,NA
UNHC,2017-03-14T15:00:00Z,3/14/2017,10:00:00,6.2,11.86,NA,7.3,9.2,55,NA,5.6,753.81231,0.965580445,NA,NA
NHC,2017-03-21T15:00:00Z,3/21/2017,10:00:00,10.5,10.74,NA,7.74,0.4,99,NA,19.4,761.0129052,0.961410565,NA,NA
UNHC,2017-03-21T15:30:00Z,3/21/2017,10:30:00,10.9,10.96,NA,8.17,3,46,NA,20.8,760.9003959,0.990430177,NA,NA
NHC,2017-03-28T15:00:00Z,3/28/2017,10:00:00,16.8,8.58,NA,7.74,7,87,NA,18.3,760.4878618,0.883485311,NA,NA
UNHC,2017-03-29T13:45:00Z,3/29/2017,8:50:00,15.4,7.7,NA,7.59,6.2,51,NA,17.75,763.5068613,0.766603116,NA,NA
NHC,2017-04-04T15:15:00Z,4/4/2017,10:15:00,16.9,9.61,NA,6.92,5,111,NA,22.25,755.8187259,0.997862006,NA,NA
UNHC,2017-04-04T16:15:00Z,4/4/2017,11:20:00,17.7,9.99,NA,6.92,8.8,52.5,NA,24.025,755.8937321,1.054593639,NA,NA
NHC,2017-04-05T17:00:00Z,4/5/2017,12:00:00,17.7,NA,NA,7.32,7,NA,NA,25,759.2877626,NA,NA,NA
NHC,2017-04-11T14:45:00Z,4/11/2017,9:40:00,15.2,9.5,NA,7.61,2.5,82,NA,21.65,769.7886306,0.933939718,NA,NA
UNHC,2017-04-11T15:30:00Z,4/11/2017,10:30:00,15.5,9.99,NA,7.58,2.4,51,NA,23.05,769.6386182,0.988645666,NA,NA
NHC,2017-04-18T14:15:00Z,4/18/2017,9:15:00,19.9,7.45,NA,7.22,0.2,NA,NA,18.35,768.6072829,0.808400744,NA,NA
UNHC,2017-04-18T15:15:00Z,4/18/2017,10:20:00,18.9,7.03,NA,7.13,3,47.5,NA,20,769.1698295,0.74712867,NA,NA
NHC,2017-05-02T15:00:00Z,5/2/2017,10:00:00,19.7,8.65,NA,7.41,4.1,108,NA,20.6,760.0378246,0.945666606,NA,NA
UNHC,2017-05-02T16:00:00Z,5/2/2017,11:00:00,19.4,8.45,NA,7.35,13.5,58,NA,21.7,760.0378246,0.918271687,NA,NA
NHC,2017-05-05T14:45:00Z,5/5/2017,9:45:00,NA,NA,NA,NA,NA,NA,NA,22.75,749.4994535,NA,NA,NA
UNHC,2017-05-05T15:45:00Z,5/5/2017,10:45:00,NA,NA,NA,NA,NA,NA,NA,23.3,749.0119132,NA,NA,NA
NHC,2017-05-09T14:30:00Z,5/9/2017,9:30:00,14,9.87,NA,7.35,6.4,102,NA,13.6,763.3005943,0.95351136,NA,NA
UNHC,2017-05-09T15:30:00Z,5/9/2017,10:30:00,13.1,9.78,NA,7.27,5.6,56,NA,13.9,763.3380974,0.926138008,NA,NA
NHC,2017-05-16T13:45:00Z,5/16/2017,10:20:00,18.2,8.77,NA,7.24,2,93,NA,25.275,764.2381718,0.924938708,NA,NA
UNHC,2017-05-16T16:15:00Z,5/16/2017,11:15:00,17.7,8.73,NA,6.92,5,NA,NA,26.375,764.4444389,0.911064593,NA,NA
NHC,2017-05-22T14:45:00Z,5/22/2017,9:45:00,18.7,8.97,NA,7.57,150,NA,Storm,20.45,762.231756,0.958284659,NA,NA
UNHC,2017-05-22T15:00:00Z,5/22/2017,10:00:00,18.6,8.69,NA,7.11,55.4,NA,Storm,20.6,762.2880106,0.926418879,NA,NA
UNHC,2017-05-30T16:15:00Z,5/30/2017,11:00:00,20.9,8.34,NA,7.2,4.2,55,NA,26.1,763.6381222,0.929160115,NA,NA
NHC,2017-05-30T17:15:00Z,5/30/2017,12:15:00,21.9,8.72,NA,7.37,3.6,100,NA,26.1,763.5818676,0.990631367,NA,NA
NHC,2017-06-15T15:15:00Z,6/15/2017,10:15:00,22.2,8.06,NA,7.82,1.2,90.5,NA,28.45,761.3504331,0.923723899,NA,NA
UNHC,2017-06-15T16:15:00Z,6/15/2017,11:15:00,21.2,8.27,NA,7.62,7,50,NA,29.175,761.1254145,0.929914458,NA,NA
NHC,2017-06-20T14:45:00Z,6/20/2017,9:50:00,21.6,8.65,NA,7.5,109,NA,Storm,24,763.9944017,0.976457329,NA,NA
UNHC,2017-06-20T15:15:00Z,6/20/2017,10:15:00,21.6,8.46,NA,7.25,89,NA,Storm,24.825,764.0319048,0.954961039,NA,NA
NHC,2017-06-21T15:00:00Z,6/21/2017,10:00:00,21.6,8.69,NA,6.47,32.6,NA,Storm,23.3,764.8382214,0.97986238,NA,NA
UNHC,2017-06-21T16:30:00Z,6/21/2017,11:30:00,21.6,8.43,NA,6.71,30.2,73.5,Storm,25.6,764.3881842,0.951119609,NA,NA
NHC,2017-06-27T22:45:00Z,6/27/2017,17:45:00,23.7,8.01,NA,7.57,NA,97.5,Moved PVC to top anchor,25.975,762.8318056,0.942617516,NA,NA
NHC,2017-06-29T14:45:00Z,6/29/2017,9:45:00,19.5,NA,NA,NA,NA,NA,NA,26.125,767.7072085,NA,NA,NA
UNHC,2017-06-29T15:30:00Z,6/29/2017,10:30:00,19.7,NA,NA,NA,NA,51.5,NA,27.25,767.6134508,NA,NA,NA
NHC,2017-07-03T15:15:00Z,7/3/2017,10:15:00,24.2,NA,NA,NA,NA,88.5,NA,29.975,763.7318799,NA,NA,NA
UNHC,2017-07-03T16:30:00Z,7/3/2017,11:30:00,23.6,NA,NA,NA,NA,51,NA,31.95,763.4881098,NA,NA,NA
NHC,2017-07-12T15:15:00Z,7/12/2017,10:15:00,24.6,NA,NA,NA,NA,87.5,NA,31.525,765.6070349,NA,NA,NA
UNHC,2017-07-12T16:15:00Z,7/12/2017,11:10:00,24.7,NA,NA,NA,NA,49.5,NA,32.25,765.4007679,NA,NA,NA
NHC,2017-07-20T14:45:00Z,7/20/2017,9:45:00,24.8,NA,NA,NA,NA,80,NA,31.8,763.6756253,NA,NA,NA
UNHC,2017-07-20T15:30:00Z,7/20/2017,10:30:00,23.2,NA,NA,NA,NA,48,NA,33.05,763.6756253,NA,NA,NA
NHC,2017-07-25T15:45:00Z,7/25/2017,10:45:00,25.5,NA,NA,NA,NA,78.5,NA,30,763.563116,NA,NA,NA
UNHC,2017-07-25T16:00:00Z,7/25/2017,11:00:00,24.4,NA,NA,NA,NA,43.5,NA,30,763.563116,NA,NA,NA
NHC,2017-08-01T15:30:00Z,8/1/2017,10:30:00,21.7,NA,NA,NA,NA,73,NA,28.35,764.9507307,NA,NA,NA
UNHC,2017-08-01T16:15:00Z,8/1/2017,11:15:00,21,NA,NA,NA,NA,42,NA,29.175,764.8007183,NA,NA,NA
NHC,2017-08-09T15:30:00Z,8/9/2017,10:30:00,22.3,5.74,NA,7.01,19.7,85,NA,25.85,767.0509043,0.654070542,NA,NA
UNHC,2017-08-09T17:00:00Z,8/9/2017,12:00:00,22.2,6.7,NA,7.22,26.2,48,NA,27.2,766.7883826,0.762267924,NA,NA
NHC,2017-08-15T16:00:00Z,8/15/2017,11:00:00,23.9,4.71,NA,7.25,13.9,79,NA,30,759.2127564,0.559086495,NA,NA
UNHC,2017-08-15T16:45:00Z,8/15/2017,11:45:00,23.3,5.85,NA,7.15,16.3,49,NA,30.45,759.0439924,0.686773798,NA,NA
NHC,2017-08-30T15:15:00Z,8/30/2017,10:15:00,19.9,4.94,NA,8.19,14,59,NA,22.625,764.2569234,0.539162691,NA,NA
UNHC,2017-08-30T16:15:00Z,8/30/2017,11:15:00,19.6,5.83,NA,7.26,20,43.5,NA,24.325,763.9944017,0.632726475,NA,NA
UNHC,2017-09-12T19:30:00Z,9/12/2017,14:30:00,17.6,6.45,NA,7.26,14.7,43,NA,24.45,758.1626696,0.6774144,NA,NA
NHC,2017-09-13T17:00:00Z,9/13/2017,12:00:00,18.6,4.52,NA,6.94,10.1,71,NA,27.2,760.562868,0.482982321,NA,NA
NHC,2017-09-26T17:30:00Z,9/26/2017,12:30:00,20.9,1.9,NA,7.34,17,59,NA,25.85,759.6252905,0.212825352,NA,NA
UNHC,2017-09-26T18:30:00Z,9/26/2017,13:30:00,20.6,3.9,NA,7.09,13.3,45,NA,27.25,759.1002471,0.434593953,NA,NA
UNHC,2017-10-20T18:00:00Z,10/20/2017,13:00:00,12.6,3.08,NA,7.14,20,NA,NA,23.9,767.688457,0.286760205,NA,NA
UNHC,2017-10-24T19:30:00Z,10/24/2017,14:30:00,17.6,5.04,NA,6.81,320,52.5,NA,21.65,756.8500611,0.530265148,NA,NA
NHC,2017-10-24T20:30:00Z,10/24/2017,15:30:00,17.4,8.21,NA,7.09,17.6,NA,NA,21.95,756.5875394,0.86052089,NA,NA
NHC,2017-11-01T17:00:00Z,11/1/2017,12:00:00,11.2,4.29,NA,7.28,6.8,64,"No flow, Pondin",22.2,767.313426,0.387071593,NA,NA
NHC,2017-11-15T17:30:00Z,11/15/2017,12:30:00,9,7.49,NA,8.35,15,73,NA,10.3,766.1133268,0.642727853,NA,NA
UNHC,2017-11-15T18:45:00Z,11/15/2017,13:45:00,9.5,6.09,NA,7.64,28,56.5,NA,10.975,765.5132772,0.529290296,NA,NA
NHC,2017-12-06T15:30:00Z,12/6/2017,10:30:00,9.1,2.94,NA,7.65,16.9,74,NA,8.9,764.9132276,0.253292562,NA,NA
UNHC,2017-12-06T16:30:00Z,12/6/2017,11:30:00,9.2,4.88,NA,7.12,11.2,63,NA,9.15,764.8757245,0.421459461,NA,NA
NHC,2017-12-11T16:00:00Z,12/11/2017,11:00:00,NA,NA,NA,NA,NA,85,NA,8.3,765.7382958,NA,NA,NA
UNHC,2017-12-11T19:00:00Z,12/11/2017,14:00:00,NA,NA,NA,NA,NA,63,NA,12.2,763.188085,NA,NA,NA
NHC,2017-12-21T16:00:00Z,12/21/2017,11:00:00,7.4,9.49,NA,8.46,13.5,76,NA,8.3,767.7634632,0.781535228,NA,NA
NHC,2018-01-12T15:00:00Z,1/12/2018,10:00:00,4.9,9.43,NA,8.75,14.2,81,NA,19.4,758.7627192,0.737750995,NA,NA
NHC,2018-01-24T20:30:00Z,1/24/2018,15:30:00,8.7,11.52,NA,8.56,74.1,NA,Storm,11.95,764.0506563,0.984117164,NA,NA
NHC,2018-01-25T15:30:00Z,1/25/2018,10:30:00,NA,NA,NA,NA,NA,103,NA,4.15,775.3015863,NA,NA,NA
NHC,2018-02-16T15:45:00Z,2/16/2018,10:45:00,13,10.5,NA,8.48,15.1,105,NA,22.9,758.2189243,0.998901491,NA,NA
UNHC,2018-02-16T16:45:00Z,2/16/2018,11:45:00,14.1,10.77,NA,8.16,16.2,54.5,NA,24.575,757.5438685,1.050794995,NA,NA
UNHC,2018-02-23T18:00:00Z,2/23/2018,13:00:00,14.9,9.52,NA,7.94,7.8,59,NA,15,773.313922,0.925563896,NA,NA
NHC,2018-02-23T19:00:00Z,2/23/2018,14:00:00,15.1,9.74,NA,7.86,7.5,96,NA,17.2,772.3388414,0.952267524,NA,NA
NHC,2018-03-13T20:30:00Z,3/13/2018,15:30:00,NA,NA,NA,NA,NA,119,Storm,8.9,760.0753277,NA,NA,NA
NHC,2018-03-26T15:30:00Z,3/26/2018,10:30:00,7.6,12.05,NA,7.89,28,128,Storm,6.95,777.1017351,0.985160892,NA,NA
UNHC,2018-03-26T16:30:00Z,3/26/2018,11:30:00,8.2,12.1,NA,7.78,31.3,70,NA,8.6,776.6516979,1.004468391,NA,NA
NHC,2018-04-16T16:30:00Z,4/16/2018,11:30:00,15.4,9.57,NA,8.24,80,NA,Storm,13.6,754.4873658,0.964369569,NA,NA
UNHC,2018-04-16T17:00:00Z,4/16/2018,12:00:00,15.6,9.23,NA,8.09,55,NA,NA,13.3,754.4123596,0.934193818,NA,NA
UNHC,2018-04-17T19:00:00Z,4/17/2018,14:00:00,NA,NA,NA,NA,NA,78,NA,13.3,758.1626696,NA,NA,NA
NHC,2018-04-17T19:45:00Z,4/17/2018,14:45:00,NA,NA,NA,NA,NA,130,NA,14.575,757.4876138,NA,NA,NA
NHC,2018-05-13T15:45:00Z,5/13/2018,10:45:00,21.8,7.56,NA,7.33,8.8,89,NA,29.575,763.6381222,0.857129787,NA,NA
UNHC,2018-05-13T16:30:00Z,5/13/2018,11:30:00,20.7,7.05,NA,7.74,3,46,NA,30.55,763.4131036,0.782602545,NA,NA
NHC,2018-05-24T16:00:00Z,5/24/2018,11:00:00,22.2,8.18,NA,7.63,14.2,95,NA,26.7,766.2633392,0.931304325,NA,NA
UNHC,2018-05-24T17:00:00Z,5/24/2018,12:00:00,22.2,7.66,NA,7.85,14.5,NA,NA,27.8,766.1133268,0.872276965,NA,NA
NHC,2018-05-31T19:45:00Z,5/31/2018,14:50:00,22.9,8.6,NA,6.45,19.3,NA,NA,27.375,759.9815699,1.000723833,NA,NA
UNHC,2018-05-31T20:15:00Z,5/31/2018,15:15:00,23,7.9,NA,7.7,20.2,NA,NA,26.55,759.8690606,0.92115656,NA,NA
NHC,2018-06-13T14:30:00Z,6/13/2018,9:30:00,20.8,8.95,NA,7.48,NA,103,NA,24.45,763.6756253,0.995118054,NA,NA
UNHC,2018-06-13T15:30:00Z,6/13/2018,10:30:00,20.3,7.74,NA,7.79,NA,52,NA,25.6,763.4506067,0.852408965,NA,NA
NHC,2018-06-19T15:15:00Z,6/19/2018,10:15:00,26,6.25,NA,NA,NA,NA,NA,32.625,760.3003463,0.770040821,NA,NA
UNHC,2018-06-19T16:15:00Z,6/19/2018,11:20:00,25.3,5.11,NA,NA,NA,45.5,NA,33.9,760.0565762,0.621796944,NA,NA
NHC,2018-06-27T15:30:00Z,6/27/2018,10:30:00,NA,NA,NA,NA,NA,NA,NA,24.45,763.0755757,NA,NA,NA
UNHC,2018-06-27T16:15:00Z,6/27/2018,11:15:00,NA,NA,NA,NA,NA,54,NA,25.875,762.8880602,NA,NA,NA
NHC,2018-07-23T14:00:00Z,7/23/2018,9:00:00,23.5,6.1,NA,7.28,NA,NA,NA,23.3,758.8377254,0.719030394,NA,NA
UNHC,2018-07-24T14:00:00Z,7/24/2018,9:00:00,23.1,5.07,NA,7.51,NA,44,NA,23.9,761.3879362,0.591078883,NA,NA
NHC,2018-08-16T15:30:00Z,8/16/2018,10:30:00,23.5,6.31,NA,7.33,NA,83,NA,30.3,765.7007927,0.736922714,NA,NA
UNHC,2018-08-16T16:15:00Z,8/16/2018,11:15:00,22.8,5.3,NA,7.24,NA,44.5,NA,30.725,765.6070349,0.610904456,NA,NA
UNHC,2018-08-27T19:00:00Z,8/27/2018,14:00:00,23.4,4.28,NA,7.24,NA,38,NA,33.3,765.438271,0.499081952,NA,NA
NHC,2018-08-27T19:45:00Z,8/27/2018,14:45:00,24.8,4,NA,7.22,NA,86,NA,33.3,765.1569978,0.478953028,NA,NA
NHC,2018-09-11T14:15:00Z,9/11/2018,10:30:00,22.5,8.14,NA,7.55,45.8,105,NA,27.5,764.5381966,0.934248464,NA,NA
UNHC,2018-09-11T15:15:00Z,9/11/2018,11:45:00,22.4,6.86,NA,7.22,12.2,48,NA,29.125,764.4444388,0.785934945,NA,NA
NHC,2018-09-19T15:30:00Z,9/19/2018,10:30:00,NA,NA,NA,NA,NA,NA,NA,28.35,761.3879362,NA,NA,NA
UNHC,2018-09-19T17:00:00Z,9/19/2018,12:00:00,22.6,7.89,NA,7.06,54.6,NA,NA,29.4,761.1629176,0.911420405,NA,NA
NHC,2018-09-21T17:00:00Z,9/21/2018,12:00:00,22.8,8.25,NA,7.36,15.67,102,NA,25,767.0884074,0.949048553,NA,NA
NHC,2018-10-04T14:00:00Z,10/4/2018,9:00:00,20.9,8.13,NA,7.43,2.86,102,NA,24.4,764.5381966,0.90467117,NA,NA
UNHC,2018-10-04T15:00:00Z,10/4/2018,10:00:00,20.4,7.35,NA,7.21,8,55,NA,27.2,764.6132028,0.809795691,NA,NA
NHC,2018-10-09T15:00:00Z,10/9/2018,10:00:00,22.1,7.8,NA,7.29,1.77,101,NA,23.9,768.5885314,0.883584512,NA,NA
UNHC,2018-10-09T15:45:00Z,10/9/2018,10:45:00,21.6,6.95,NA,7.13,7.31,52,NA,25.175,768.4197674,0.779917457,NA,NA
NHC,2018-10-22T18:45:00Z,10/22/2018,13:45:00,20.5,8.74,NA,7.33,39,141,Storm,15.3,769.3385934,0.958772588,NA,NA
NHC,2018-11-01T17:00:00Z,11/1/2018,12:00:00,12.3,10.22,NA,7.7,5.99,110,NA,20.6,761.3879362,0.953037831,NA,NA
UNHC,2018-11-01T19:00:00Z,11/1/2018,14:00:00,12.3,10.38,NA,7.48,14.1,NA,NA,23.3,759.7377998,0.970090656,NA,NA
NHC,2018-11-14T15:00:00Z,11/14/2018,10:00:00,11,10.79,NA,7.1,26.17,NA,NA,7.2,772.4138476,0.962574125,NA,NA
UNHC,2018-11-14T16:15:00Z,11/14/2018,11:15:00,10.8,10.7,NA,6.72,27.91,86,NA,7.075,772.6201147,0.949873128,NA,NA
NHC,2018-11-20T15:00:00Z,11/20/2018,10:00:00,10.5,10.97,NA,7.26,8.65,115,NA,12.2,762.062992,0.980629183,NA,NA
UNHC,2018-11-20T16:15:00Z,11/20/2018,11:15:00,11.1,10.58,NA,7.17,111.72,58,NA,14.825,761.9692342,0.959162839,NA,NA
NHC,2018-12-03T16:00:00Z,12/3/2018,11:00:00,12.6,10.77,NA,7.38,5.23,112,NA,18.3,757.7876386,1.016022509,NA,NA
UNHC,2018-12-03T17:00:00Z,12/3/2018,12:00:00,13.2,10.49,NA,7.29,6.45,60,NA,18.3,757.187589,1.003799542,NA,NA
MC751,2019-01-18T20:00:00Z,1/18/2019,15:07:00,NA,NA,NA,NA,NA,11,NA,NA,NA,NA,NA,NA
NHC,2019-01-28T20:00:00Z,1/28/2019,15:00:00,7.4,12.89,NA,7.65,6.53,NA,NA,10,761.0879114,1.070943398,NA,NA
PM,2019-01-29T16:30:00Z,1/29/2019,11:30:00,6.4,11.24,87.6,6.58,NA,NA,Lots of sediment packed in sensor housing,NA,757.3,91.5,NA,NA
CBP,2019-01-29T17:30:00Z,1/29/2019,12:25:00,6.4,12.34,86.9,6.93,NA,NA,Still cannot reach sensor. Cleared debris as well as I could,NA,754.9,100.2,NA,NA
UNHC,2019-01-29T17:45:00Z,1/29/2019,12:50:00,6.7,12.07,81.6,7.72,NA,NA,NA,NA,753.3,98.8,NA,NA
WB,2019-01-29T18:00:00Z,1/29/2019,12:55:00,6.6,11.9,87.1,7.06,NA,NA,degris block upstream of bridge,NA,753.2,98,NA,NA
WBP,2019-01-29T18:15:00Z,1/29/2019,13:20:00,6.3,10.71,87.6,6.95,NA,NA,lots of sed packed in sensor house,NA,752.5,87.9,NA,NA
NHC,2019-01-29T18:30:00Z,1/29/2019,13:30:00,6.6,12.66,78.2,7.52,NA,NA,NA,NA,756.6,103.3,NA,NA
UNHC,2019-02-04T17:45:00Z,2/4/2019,12:50:00,8.1,14.22,NA,7.86,45.479,56,NA,18.025,763.1505819,1.198641996,NA,NA
NHC,2019-02-04T19:00:00Z,2/4/2019,13:55:00,8,13.54,NA,8.04,2.42,NA,NA,18.9,762.2880106,1.139841655,NA,NA
NHC,2019-02-18T15:00:00Z,2/18/2019,10:00:00,7.5,11.85,NA,5.97,148.7,NA,all sensors underwater,7.8,762.6630416,0.984911071,NA,NA
UNHC,2019-02-18T15:45:00Z,2/18/2019,10:45:00,7.5,11.66,NA,6.3,78.524,NA,all sensors underwater,10.275,762.7192963,0.969047036,NA,NA
CBP,2019-03-06T14:30:00Z,3/6/2019,9:36:00,6.3,12.76,78.5,9.31,15,NA,NA,NA,760.6,102.9,NA,NA
WB,2019-03-06T15:45:00Z,3/6/2019,10:49:00,6.6,12.52,78.4,8.39,126,NA,NA,NA,759.3,102.1,24,NA
WBP,2019-03-06T16:30:00Z,3/6/2019,11:35:00,6.9,12.43,78.7,8.22,18.9,NA,NA,NA,758.6,102,25.5,NA
PM,2019-03-06T18:30:00Z,3/6/2019,13:29:00,7.9,12.45,78.5,8.03,22.5,NA,NA,NA,760.7,104.7,21.5,NA
NHC,2019-03-19T16:30:00Z,3/19/2019,11:31:00,9.1,12.22,101.6,8.39,NA,NA,gas bucket deployment,NA,765.9,105.7,NA,NA
PM,2019-03-19T18:30:00Z,3/19/2019,13:24:00,10.5,12.33,104.1,8.17,NA,NA,gas bucket deployment,NA,764.6,110.5,NA,NA
CBP,2019-03-19T19:45:00Z,3/19/2019,14:39:00,NA,12.84,105.4,8.22,NA,NA,gas bucket deployment,NA,761.6,117,NA,NA
WB,2019-03-19T21:45:00Z,3/19/2019,16:51:00,10.9,12.87,104,8.21,NA,NA,gas bucket deployment,NA,760,116.4,NA,NA
WBP,2019-03-19T22:00:00Z,3/19/2019,16:56:00,11.1,13.12,103.7,8.09,NA,NA,gas bucket deployment,NA,759.4,119.3,NA,NA
PWC,2019-03-19T22:45:00Z,3/19/2019,17:48:00,11.7,12.98,103.2,8.27,NA,NA,gas bucket deployment,NA,759.5,119.8,NA,NA
UNHC,2019-03-20T00:15:00Z,3/19/2019,19:08:00,11.6,12.17,105.3,8.28,NA,NA,gas bucket deployment,NA,759.1,111.9,NA,NA
NHC,2019-03-20T16:15:00Z,3/20/2019,11:18:00,8.4,12.36,103.3,8.39,NA,NA,gas bucket collection,NA,762.7,105.4,NA,NA
PM,2019-03-20T18:30:00Z,3/20/2019,13:24:00,9.6,12.5,104.9,8.23,NA,NA,gas bucket collection,NA,760.5,109.7,NA,NA
CBP,2019-03-20T19:45:00Z,3/20/2019,14:43:00,10.1,12.81,107.3,8.25,NA,NA,gas bucket collection,NA,757.6,113.7,NA,NA
WB,2019-03-20T21:00:00Z,3/20/2019,16:00:00,9.5,12.88,105.7,8.13,NA,NA,gas bucket collection,NA,755.8,112.9,NA,NA
WBP,2019-03-20T22:15:00Z,3/20/2019,17:08:00,9.7,13.38,105.7,8.09,NA,NA,gas bucket collection,NA,755.5,117.9,NA,NA
PWC,2019-03-20T22:45:00Z,3/20/2019,17:49:00,10.2,13.18,104.6,8.28,NA,NA,gas bucket collection,NA,755.9,117.4,NA,NA
UNHC,2019-03-20T23:00:00Z,3/20/2019,18:00:00,10.3,12.7,105.7,8.28,NA,NA,gas bucket collection,NA,755.5,113.4,NA,NA
NHC,2019-03-26T18:30:00Z,3/26/2019,13:30:00,13.6,11.48,NA,7.77,5.93,NA,NA,12.2,766.6383702,1.094456543,NA,NA
PM,2019-03-27T14:00:00Z,3/27/2019,9:00:00,10.3,11.42,98.5,7.28,NA,94.5,water surface survey,NA,766,102.2,41,53.5
CBP,2019-03-27T16:15:00Z,3/27/2019,11:22:00,10.4,11.8,99.1,7.56,NA,96,water surface survey,NA,764.5,105.4,33,63
WB,2019-03-27T17:00:00Z,3/27/2019,12:06:00,10.5,11.64,102.6,7.5,NA,37,water surface survey,NA,762.9,104.4,37,0
WBP,2019-03-27T18:00:00Z,3/27/2019,12:54:00,10.5,11.81,103.3,7.53,NA,103.5,water surface survey,NA,762.5,105.9,41,62.5
PWC,2019-03-27T18:30:00Z,3/27/2019,13:25:00,11.2,12.52,103.1,7.75,NA,94.5,water surface survey,NA,762.1,114.1,33.5,61
MC751,2019-03-27T20:15:00Z,3/27/2019,15:17:00,11.4,11.86,150.6,7.38,NA,77.5,water surface survey,NA,762.3,108.6,31.5,46
UNHC,2019-03-28T16:45:00Z,3/28/2019,11:38:00,10.3,12.75,NA,7.42,4.73,50,NA,14.725,772.4325991,1.119008418,NA,NA
MC751,2019-04-15T22:45:00Z,4/15/2019,17:50:00,17.8,7.67,106.9,7.07,NA,46,post at 45 degree angle from storm. Left post as is for now. Lot's of sand deposited in pool from storm (20cm),NA,750.7,81.3,NA,NA
PWC,2019-04-16T14:45:00Z,4/16/2019,9:40:00,13.9,9.88,79.1,7.44,NA,107,Leaf out in full,NA,758.5,95.8,30.5,76.5
WBP,2019-04-16T15:15:00Z,4/16/2019,10:10:00,14,8.62,80.9,7.28,NA,111,light logger gone. Replaced one,NA,758.5,83.8,24.5,86.5
WB,2019-04-16T15:45:00Z,4/16/2019,10:40:00,14,9.83,78.9,7.28,NA,NA,sensors out of water from storm,NA,758.7,95.5,NA,NA
CBP,2019-04-16T16:15:00Z,4/16/2019,11:15:00,14.4,10.94,79.2,7.3,NA,104,NA,NA,759.5,102,26,78
PM,2019-04-16T16:45:00Z,4/16/2019,11:50:00,14.6,8.9,78.4,7.46,NA,111,NA,NA,761,87.4,21.5,89.5
NHC,2019-04-16T17:15:00Z,4/16/2019,12:20:00,14.5,10.09,NA,6.72,15.46,NA,NA,17.25,768.3822643,0.978854925,NA,NA
UNHC,2019-04-18T16:00:00Z,4/18/2019,10:55:00,16.4,8.94,NA,7,8.87,67,NA,22.8,763.1130788,0.909652729,NA,NA
UNHC,2019-05-07T15:15:00Z,5/7/2019,10:12:00,18.1,8.2,NA,7.16,3.67,55,NA,23.075,767.1634136,0.859695769,NA,NA
NHC,2019-05-08T16:00:00Z,5/8/2019,11:03:00,19.6,8.62,NA,7.39,1.12,91,NA,24.4,766.1133268,0.932876982,NA,NA
PM,2019-05-08T18:45:00Z,5/8/2019,13:45:00,NA,NA,NA,NA,NA,86,"Water barely at sensors, moved PVC housing lower in water",NA,NA,NA,1,85
PM,2019-05-08T19:00:00Z,5/8/2019,14:00:00,NA,NA,117.8,8.23,NA,86,"Water barely at sensors, moved PVC housing lower in water",NA,756.7,NA,22.5,63.5
CBP,2019-05-08T20:15:00Z,5/8/2019,15:15:00,NA,NA,NA,NA,NA,88,moved sensors lower,NA,NA,NA,11.5,76.5
CBP,2019-05-08T20:30:00Z,5/8/2019,15:30:00,21.7,NA,117.4,7.96,NA,88,moved sensors lower,NA,754.6,81.6,21,67
WB,2019-05-08T20:45:00Z,5/8/2019,15:50:00,20.6,6.37,117.9,7.9,NA,23,NA,NA,753.3,71,NA,NA
WBP,2019-05-08T22:00:00Z,5/8/2019,17:00:00,20.6,NA,117.8,7.73,NA,94.5,Moved sensors lower,NA,753,92.9,7,87.5
PWC,2019-05-08T22:00:00Z,5/8/2019,17:00:00,21,7.71,117.8,7.87,NA,90,NA,NA,752.9,86,12,78
WBP,2019-05-08T22:15:00Z,5/8/2019,17:15:00,NA,NA,NA,NA,NA,94.5,Moved sensors lower,NA,NA,NA,22.5,72
PWC,2019-05-08T22:15:00Z,5/8/2019,17:15:00,NA,NA,NA,NA,NA,90,NA,NA,NA,NA,22,68
WBP,2019-05-09T17:00:00Z,5/9/2019,12:00:00,20.2,NA,NA,NA,NA,NA,Replaced DO hobo and light logger,NA,NA,66.4,NA,NA
MC751,2019-05-09T23:45:00Z,5/9/2019,18:40:00,21,5,176.6,7.63,NA,43,NA,NA,753.8,56,NA,NA
NHC,2019-05-29T15:30:00Z,5/29/2019,10:30:00,23.8,6.8,NA,7.28,0.75,91,NA,31.7,758.5752037,0.806360431,NA,NA
UNHC,2019-05-30T13:15:00Z,5/30/2019,8:15:00,22,5.24,NA,7.37,20.51,51,NA,27.25,759.1377502,0.600020851,NA,NA
PM,2019-05-30T19:45:00Z,5/30/2019,14:45:00,26,8.35,137.4,7.57,NA,NA,NA,NA,NA,102.5,NA,NA
WBP,2019-05-30T20:45:00Z,5/30/2019,15:45:00,24.2,6.25,135.2,7.22,NA,NA,NA,NA,NA,74.6,NA,NA
PWC,2019-05-30T21:15:00Z,5/30/2019,16:08:00,24.9,7.75,134.6,7.33,NA,NA,NA,NA,NA,93.7,NA,NA
CBP,2019-06-03T21:45:00Z,6/3/2019,16:45:00,24.3,8.82,133.5,8.07,NA,46.5,moved sensor to middle of channel and lower in water. New DO sensor,NA,NA,105.3,NA,16
MC751,2019-06-03T22:45:00Z,6/3/2019,17:50:00,21.9,4.27,161.6,7.3,NA,38,NA,NA,NA,48.7,NA,20
WB,2019-06-03T23:00:00Z,6/3/2019,18:00:00,23.5,7.68,138.1,7.96,NA,62,Moved sensor to attach to bridge with chain.,NA,NA,90.5,NA,35
PM,2019-06-18T17:00:00Z,6/18/2019,12:00:00,24.2,8.08,134.9,7.93,16.81,NA,NA,NA,NA,96.3,NA,NA
CBP,2019-06-18T18:30:00Z,6/18/2019,13:30:00,24.5,8.58,137.1,7.73,5.06,NA,NA,NA,NA,103,NA,NA
WB,2019-06-18T19:00:00Z,6/18/2019,14:00:00,24.4,8.14,136,7.6,2.81,NA,NA,NA,NA,97.5,NA,NA
WBP,2019-06-18T19:45:00Z,6/18/2019,14:45:00,23.7,6.99,137.8,7.43,2.36,NA,NA,NA,NA,82.7,NA,NA
PWC,2019-06-18T20:00:00Z,6/18/2019,15:00:00,24.3,7.78,137.2,7.42,4.66,NA,NA,NA,NA,93,NA,NA
MC751,2019-06-18T21:45:00Z,6/18/2019,16:50:00,23.8,4.35,182.5,7.15,15.58,NA,NA,NA,NA,51.6,NA,NA
NHC,2019-06-25T15:45:00Z,6/25/2019,10:40:00,23.8,7.07,NA,7.33,3.86,87.5,NA,29,760.7878866,0.835866358,NA,NA
UNHC,2019-06-26T15:15:00Z,6/26/2019,10:10:00,22.4,6.22,NA,7.39,21.33,NA,NA,28.2,765.3445133,0.71175066,NA,NA
PM,2019-07-02T14:45:00Z,7/2/2019,9:45:00,24.7,6.1,114,7.23,NA,82,didn't sample water,NA,NA,73.4,NA,NA
CBP,2019-07-02T15:15:00Z,7/2/2019,10:20:00,23.9,6.86,118.2,7.17,NA,48.5,released salt,NA,752.3,81.3,NA,NA
WB,2019-07-02T17:00:00Z,7/2/2019,12:00:00,25,7.25,117,7.22,NA,63,DO logger bad battery. Level logger broken,NA,750.8,87.8,NA,NA
WBP,2019-07-02T18:00:00Z,7/2/2019,13:00:00,24.5,5.6,117.2,7.02,NA,88.5,"DO is somewhat stratified, top 20cm are warmer and more DO",NA,750.5,67.2,NA,NA
PWC,2019-07-02T18:30:00Z,7/2/2019,13:30:00,25.1,5.61,121.7,7.06,NA,83,NA,NA,750.3,67.6,NA,NA
MC751,2019-07-02T20:00:00Z,7/2/2019,15:00:00,23.9,3.33,210.3,6.99,NA,40.5,NA,NA,750.9,39.4,NA,NA
WB,2019-07-03T15:15:00Z,7/3/2019,10:15:00,24.4,6.59,123.5,7.93,NA,NA,NA,NA,750.4,78.9,NA,NA
UNHC,2019-07-06T14:15:00Z,7/6/2019,9:20:00,25.1,3.98,NA,6.9,NA,47,NA,25.725,763.9006439,0.48001312,NA,NA
NHC,2019-07-17T16:15:00Z,7/17/2019,11:15:00,26,6.13,NA,7.92,0.35,82,NA,34.025,763.188085,0.752300689,NA,NA
PM,2019-07-19T14:45:00Z,7/19/2019,9:38:00,27.3,5.01,NA,6.74,5.6,NA,NA,NA,754.5,63.4,NA,NA
CBP,2019-07-19T15:15:00Z,7/19/2019,10:20:00,26.2,5.36,151.6,6.95,3.91,NA,NA,NA,753.3,66.3,NA,NA
WB,2019-07-19T15:45:00Z,7/19/2019,10:45:00,26.1,5.98,146.5,7.18,2.59,NA,NA,NA,752.4,74,NA,NA
WBP,2019-07-19T17:00:00Z,7/19/2019,11:56:00,26.8,5.08,147.2,7.27,4.33,NA,NA,NA,752,64.3,NA,NA
PWC,2019-07-19T17:15:00Z,7/19/2019,12:15:00,26.7,5.04,149.1,7.36,5.38,NA,NA,NA,752,63,NA,NA
NHC,2019-07-30T15:30:00Z,7/30/2019,10:30:00,23.2,6.67,NA,6.89,1.74,74,NA,29.45,763.938147,0.776410096,NA,NA
UNHC,2019-07-31T15:45:00Z,7/31/2019,10:40:00,22.6,4.79,NA,7.07,8.79,43,NA,30.675,764.2381718,0.551033037,NA,NA
PM,2019-08-02T15:00:00Z,8/2/2019,10:05:00,24.4,6.02,120.3,7.79,NA,NA,NA,NA,757.3,71.9,NA,NA
CBP,2019-08-02T16:15:00Z,8/2/2019,11:17:00,23.7,7.01,118.7,7.52,NA,NA,NA,NA,756,82.9,NA,NA
WB,2019-08-05T15:45:00Z,8/5/2019,10:48:00,23.7,6.62,125.1,8.01,NA,NA,NA,NA,751.6,78.2,NA,NA
WBP,2019-08-05T16:00:00Z,8/5/2019,11:03:00,24.1,5.63,125.3,7.75,NA,NA,NA,NA,751.4,66.9,NA,NA
PWC,2019-08-05T16:30:00Z,8/5/2019,11:34:00,24.3,5.47,132,7.71,NA,NA,NA,NA,751.1,65.4,NA,NA
UNHC,2019-08-20T14:45:00Z,8/20/2019,9:40:00,23.7,4.51,NA,7.58,3.6,47,NA,29.3,764.9882338,0.529196856,NA,NA
NHC,2019-08-20T14:00:00Z,8/20/2019,10:15:00,24.6,6.09,NA,7.52,0.91,79,NA,30.15,765.0257369,0.726642954,NA,NA
PM,2019-08-21T19:00:00Z,8/21/2019,14:00:00,27,6.98,127.8,7.37,NA,NA,lots of biofouling on sensor housing,NA,754.2,87.6,NA,NA
CBP,2019-08-21T19:45:00Z,8/21/2019,14:42:00,26.2,8.41,122.6,7.77,NA,NA,NA,NA,752.7,104,NA,NA
WB,2019-08-21T20:15:00Z,8/21/2019,15:08:00,26.3,7.49,120.7,7.71,NA,NA,NA,NA,751.4,92.7,NA,NA
WBP,2019-08-21T20:30:00Z,8/21/2019,15:25:00,25.9,5.41,1233,7.42,NA,NA,NA,NA,751,66.4,NA,NA
PWC,2019-08-21T20:45:00Z,8/21/2019,15:50:00,25.9,6.41,128.9,7.64,NA,NA,lots of algae on sensor housing,NA,751,78.8,NA,NA
MC751,2019-08-21T21:30:00Z,8/21/2019,16:23:00,25,4.16,124.8,7.37,NA,NA,moved pressure sensor from external pvc to internal chain,NA,751.8,50.3,NA,NA
UNHC,2019-08-28T16:30:00Z,8/28/2019,11:27:00,22.3,2.41,NA,NA,3.48,NA,NA,26.7,759.3627688,0.277474775,NA,NA
NHC,2019-08-28T17:15:00Z,8/28/2019,12:20:00,22.6,0.36,NA,NA,2.13,NA,NA,27.1,759.2315079,0.041694457,NA,NA
NHC,2019-09-05T14:15:00Z,9/5/2019,9:10:00,23.6,6,NA,7.52,0.55,NA,NA,24.55,759.0439925,0.708376861,NA,NA
UNHC,2019-09-05T15:00:00Z,9/5/2019,9:57:00,22.9,4.19,NA,6.83,5.46,48,NA,25,758.9877378,0.488218496,NA,NA
PM,2019-09-10T00:00:00Z,9/9/2019,19:00:00,25.4,7.56,117.5,6.97,NA,83.5,NA,NA,NA,92,NA,NA
MC751,2019-09-10T00:30:00Z,9/9/2019,19:30:00,22.8,0.77,176.4,6.68,NA,42,"DO logger bad header, brought to lab",NA,NA,8.9,NA,NA
WB,2019-09-10T22:00:00Z,9/10/2019,17:00:00,24.7,7.19,120.4,7.16,NA,57,NA,NA,NA,86.4,NA,NA
CBP,2019-09-10T22:30:00Z,9/10/2019,17:30:00,24.7,8.62,117.5,7.5,NA,34,DO cap expired,NA,NA,103.7,NA,NA
WBP,2019-09-10T22:30:00Z,9/10/2019,17:30:00,24.2,4.92,121.2,6.91,NA,83,NA,NA,NA,58.2,NA,NA
CBP,2019-10-05T18:15:00Z,10/5/2019,13:15:00,21.4,NA,NA,NA,NA,26.5,DO cap expired,NA,NA,NA,NA,NA
PM,2019-10-05T19:30:00Z,10/5/2019,14:35:00,NA,NA,NA,NA,NA,77,DO cap expired,NA,NA,56.5,NA,NA
WB,2019-10-05T21:45:00Z,10/5/2019,16:46:00,20.2,4.34,NA,NA,NA,52,NA,NA,NA,48,NA,NA
WBP,2019-10-05T22:30:00Z,10/5/2019,17:28:00,21.9,2.75,NA,NA,NA,77,NA,NA,NA,31.4,NA,NA
PM,2019-10-06T17:15:00Z,10/6/2019,12:20:00,22.1,NA,NA,NA,NA,NA,installed DO sensor,NA,NA,52.2,NA,NA
CBP,2019-10-06T20:15:00Z,10/6/2019,15:15:00,20.9,5.52,NA,NA,NA,NA,installed DO sensor,NA,NA,61.8,NA,NA
MC751,2019-10-07T16:00:00Z,10/7/2019,11:03:00,18.9,0.41,267.3,NA,NA,NA,NA,NA,NA,4.5,NA,NA
UNHC,2019-10-15T16:30:00Z,10/15/2019,11:30:00,15.2,4.32,NA,NA,2.98,44,NA,22.75,765.1757493,0.427301153,NA,NA
NHC,2019-10-15T17:15:00Z,10/15/2019,12:10:00,16.3,3.28,NA,NA,0.98,67,NA,23.575,764.6694574,0.332349258,NA,NA
UNHC,2019-11-04T17:15:00Z,11/4/2019,12:15:00,9,7.31,NA,NA,1.53,53,NA,16,769.938643,0.62413005,NA,NA
NHC,2019-11-04T19:00:00Z,11/4/2019,14:00:00,10.4,9.23,NA,NA,0.26,91,NA,16.7,768.81355,0.815842776,NA,NA
WB,2019-11-11T17:45:00Z,11/11/2019,12:43:00,9.6,8.47,112.2,NA,NA,NA,gas,NA,753.4,831,NA,NA
WBP,2019-11-11T18:00:00Z,11/11/2019,13:05:00,9.1,7.53,113.1,NA,NA,NA,gas,NA,752.9,65.3,NA,NA
CBP,2019-11-11T18:30:00Z,11/11/2019,13:26:00,7.8,10.83,125.8,NA,NA,NA,gas,NA,753.9,91,NA,NA
UNHC,2019-11-11T19:00:00Z,11/11/2019,14:01:00,8.1,8.56,144.9,NA,NA,NA,gas,NA,751.6,72.6,NA,NA
NHC,2019-11-11T19:45:00Z,11/11/2019,14:40:00,8.9,10.12,111,NA,NA,NA,gas,NA,755,111,NA,NA
MC751,2019-11-11T20:15:00Z,11/11/2019,15:10:00,9,4.83,154.8,NA,NA,NA,gas,NA,753,41.8,NA,NA
PM,2019-11-20T16:45:00Z,11/20/2019,11:40:00,9.5,9.59,120,7.24,NA,116,gas,NA,756.9,84.4,63,53
WB,2019-11-20T17:30:00Z,11/20/2019,12:37:00,9.5,10.04,119.1,7.2,NA,66,gas,NA,756.9,89.4,41,25
WBP,2019-11-20T18:00:00Z,11/20/2019,12:55:00,9.3,8.63,121.6,7.11,NA,91,gas,NA,754,76.2,71,20
UNHC,2019-11-20T18:30:00Z,11/20/2019,13:30:00,9.2,8.12,NA,6.89,4.14,66,NA,15.3,764.5006935,0.70162889,NA,NA
CBP,2019-11-20T18:30:00Z,11/20/2019,13:27:00,9.3,10.29,112.4,7.18,NA,59,gas,NA,755.2,90,19,40
MC751,2019-11-20T19:00:00Z,11/20/2019,14:05:00,9.9,6.23,127.6,7.01,NA,44,gas,NA,754.8,55.5,14,30
NHC,2019-11-20T19:15:00Z,11/20/2019,14:20:00,9.5,10.3,NA,7.07,1.16,103,NA,15.6,764.4444389,0.896453572,NA,NA
PM,2019-11-26T18:30:00Z,11/26/2019,13:29:00,8.2,10.79,128.6,7.19,NA,NA,NA,NA,NA,92.7,NA,NA
CBP,2019-11-26T19:15:00Z,11/26/2019,14:19:00,7.9,12.08,132.8,7.19,NA,NA,NA,NA,NA,103.1,NA,NA
WB,2019-11-26T19:45:00Z,11/26/2019,14:42:00,9,9.51,128.6,7.29,NA,NA,NA,NA,NA,83.2,NA,NA
WBP,2019-11-26T20:00:00Z,11/26/2019,14:54:00,8.1,10.18,129.2,7.13,NA,NA,NA,NA,NA,87.7,NA,NA
MC751,2019-11-26T20:30:00Z,11/26/2019,15:24:00,9.1,8.53,135.8,7.01,NA,NA,NA,NA,NA,75.8,NA,NA
CBP,2019-12-03T16:15:00Z,12/3/2019,11:09:00,7.1,11.64,107.1,7.02,NA,NA,installed new sensor for DO,NA,743.5,97.8,NA,NA
WB,2019-12-03T17:30:00Z,12/3/2019,12:25:00,NA,NA,114.3,7.18,NA,NA,Brought DO sensor back to lab and bubbled with air for 2 hrs. reinstalled at 16:00,NA,746.3,88.6,NA,NA
WBP,2019-12-03T17:45:00Z,12/3/2019,12:44:00,NA,NA,115.1,7.1,NA,NA,NA,NA,746,91,NA,NA
PM,2019-12-03T18:30:00Z,12/3/2019,13:33:00,7.7,10.13,104.4,7.35,NA,NA,NA,NA,748.4,86.6,NA,NA
MC751,2019-12-03T19:15:00Z,12/3/2019,14:12:00,7.6,8.7,123.1,7.05,NA,NA,NA,NA,746.5,74,NA,NA
UNHC,2019-12-04T18:15:00Z,12/4/2019,13:10:00,7.3,10.92,NA,7.41,6.28,61,NA,12.925,753.5122852,0.914220478,NA,NA
PM,2019-12-12T17:30:00Z,12/12/2019,12:28:00,6.4,11.87,118,7.15,NA,100,NA,NA,770.4,95.7,NA,NA
CBP,2019-12-12T18:30:00Z,12/12/2019,13:33:00,5.6,12.95,127.7,7.29,NA,58,NA,NA,768.1,102.3,NA,NA
WB,2019-12-12T19:00:00Z,12/12/2019,14:01:00,7.7,11.48,124.4,7.46,NA,66,Bad header on DO probe. Fish trapped in sensor housing,NA,766.7,95.3,NA,NA
WBP,2019-12-12T19:15:00Z,12/12/2019,14:21:00,6.7,9.33,126,7.24,NA,91,NA,NA,766.3,75.1,NA,NA
MC751,2019-12-12T19:45:00Z,12/12/2019,14:50:00,6,10.2,110.7,7.08,NA,NA,NA,NA,767.1,81.3,NA,NA
CBP,2020-01-05T18:15:00Z,1/5/2020,13:15:00,9,11.44,67.6,7.1,NA,115,NA,NA,757,98.9,NA,NA
WB,2020-01-05T18:45:00Z,1/5/2020,13:45:00,9.1,11.42,67,7.21,NA,92.5,NA,NA,755.7,99.1,NA,NA
WBP,2020-01-05T19:00:00Z,1/5/2020,14:00:00,9.1,11.34,67.4,7.19,NA,106,NA,NA,755.2,98.3,NA,NA
PM,2020-01-05T19:45:00Z,1/5/2020,14:40:00,9.1,11.64,67,7.33,NA,NA,NA,NA,757.9,100.9,NA,NA
MC751,2020-01-05T20:15:00Z,1/5/2020,15:10:00,9,10.64,84,7.05,NA,NA,Installed a new DO logger,NA,756.2,92.1,NA,NA
MC751,2020-01-30T15:15:00Z,1/30/2020,10:15:00,6,10.2,156.2,6.86,NA,NA,NA,NA,758.5,81.8,NA,NA
MC751,2020-02-12T13:15:00Z,2/12/2020,8:15:00,12,9.25,90.2,6.64,NA,93,NA,NA,756.6,86.7,NA,NA
PM,2020-02-12T14:00:00Z,2/12/2020,9:00:00,12.4,9.51,63.6,7.05,NA,106,NA,NA,758.3,89.5,NA,NA
NHC,2020-02-12T14:30:00Z,2/12/2020,9:30:00,12.2,10.64,NA,7.41,NA,NA,NA,NA,759.4,99.2,NA,NA
WB,2020-02-12T14:45:00Z,2/12/2020,9:45:00,12.4,10.53,60.3,6.83,NA,97,DO logger corrupt header. Pvc housing was hanging behind the cement pillar,NA,756.2,99.5,NA,NA
WBP,2020-02-12T15:15:00Z,2/12/2020,10:15:00,12.4,10.33,60.4,6.79,NA,120,fence post knocked @ angle stood it back up,NA,755.7,964,102,18
UNHC,2020-02-12T15:45:00Z,2/12/2020,10:40:00,12.3,10.47,66.6,7.21,NA,NA,NA,NA,755.4,97.8,NA,NA
CBP,2020-02-12T17:00:00Z,2/12/2020,12:00:00,12.4,9.81,61.4,6.89,NA,124,NA,NA,756.8,92.4,NA,NA
NHC,2020-02-27T15:30:00Z,2/27/2020,10:30:00,9.6,11.73,88.9,7.73,NA,NA,NA,NA,754.8,103.1,NA,NA
PM,2020-02-27T16:15:00Z,2/27/2020,11:15:00,10.1,10.34,82.9,7,NA,92,NA,NA,754,92.7,NA,55
UNHC,2020-02-27T17:00:00Z,2/27/2020,12:00:00,10.3,12.23,92.6,7.79,NA,NA,NA,NA,751.1,109,NA,NA
CBP,2020-02-27T17:15:00Z,2/27/2020,12:15:00,10.3,9.98,82.8,7.2,NA,106,NA,NA,752.2,90,NA,89
WB,2020-02-27T18:00:00Z,2/27/2020,13:00:00,10.5,11.72,82.3,7.31,NA,NA,NA,NA,750.6,106.4,NA,NA
WBP,2020-02-27T18:30:00Z,2/27/2020,13:30:00,10.3,10.63,82.7,7.32,NA,105,NA,NA,750.5,96.2,NA,86
MC751,2020-02-27T19:30:00Z,2/27/2020,14:30:00,9.7,10.58,141.8,7.15,NA,70,NA,NA,751.7,94.2,NA,37
NHC,2020-03-10T18:00:00Z,3/10/2020,13:00:00,13.3,10.45,98.7,7.18,NA,NA,NA,NA,755.9,100.2,NA,NA
UNHC,2020-03-10T19:15:00Z,3/10/2020,14:15:00,15.1,10.85,104.3,7.82,NA,NA,NA,NA,751,109.2,NA,NA
CBP,2020-03-10T19:45:00Z,3/10/2020,14:45:00,14.3,10.28,103.7,7.66,NA,57,Sensor out of water moved lower but didn't measure how much lower.,NA,752.3,101.3,NA,89
WB,2020-03-10T20:30:00Z,3/10/2020,15:30:00,14.3,NA,103.1,7.48,NA,69,lots of filamentous biofilm,NA,751,89,NA,34
WBP,2020-03-10T20:45:00Z,3/10/2020,15:45:00,14.5,10.23,104.7,7.46,NA,100,"lots of filamentous biofilm, debris jam around fencepost",NA,751,101.7,NA,78
PM,2020-03-10T21:30:00Z,3/10/2020,16:30:00,14.8,9.95,105.2,7.89,NA,96,sensor cap expired,NA,753.1,99.2,NA,63
MC751,2020-03-10T22:30:00Z,3/10/2020,17:30:00,15,9.03,192.6,7.26,NA,NA,huge Fe(II) bacteria clouds,NA,751.2,90.3,NA,NA
NHC,2020-03-20T17:15:00Z,3/20/2020,12:10:00,17.5,9.24,108,6.8,NA,NA,NA,NA,759.1,95.8,NA,NA
UNHC,2020-03-20T18:00:00Z,3/20/2020,13:00:00,18.7,9.48,111.7,7.41,NA,NA,NA,NA,754.8,102.7,NA,NA
CBP,2020-03-20T18:30:00Z,3/20/2020,13:25:00,18.6,8.62,110.2,7.21,NA,NA,uninstalled site,NA,756.1,96.4,NA,NA
WB,2020-03-20T19:00:00Z,3/20/2020,14:00:00,18.8,8.69,108.5,7.22,NA,70,uninstalled site,NA,754.8,95.2,NA,NA
WBP,2020-03-20T19:15:00Z,3/20/2020,14:15:00,17.9,8.08,109.4,7,NA,102,uninstalled site,NA,754.2,88.8,NA,85
MC751,2020-03-20T19:45:00Z,3/20/2020,14:45:00,18.8,7.35,331.3,7.05,NA,69,NA,NA,754.5,80,NA,NA
MC751,2020-04-04T14:45:00Z,4/4/2020,9:47:00,11.9,7,188.7,7.33,NA,66,broke pressure transducer,NA,752.8,67.2,NA,NA
MC751,2020-04-18T20:00:00Z,4/18/2020,15:00:00,16.2,5.19,101.6,6.81,NA,68,NA,NA,749.6,53.6,NA,NA
MC751,2020-05-06T20:30:00Z,5/6/2020,15:30:00,17,6.28,147.6,6.91,NA,65,NA,NA,746,66.3,NA,29
MC751,2020-05-22T22:30:00Z,5/22/2020,17:30:00,18.5,7.86,74.9,6.66,NA,95,NA,NA,752.9,85,NA,30
MC751,2020-06-05T20:00:00Z,6/5/2020,15:00:00,22.5,3.84,167,6.43,NA,70,NA,NA,750,45.1,NA,34
MC751,2020-06-19T17:00:00Z,6/19/2020,11:55:00,19.9,5.64,135.5,6.95,NA,66,Launched and installed new DO hobo and sensor cap. Sensor gain @ calib = 1.087,NA,755,63,NA,NA
MC751,2020-07-03T16:15:00Z,7/3/2020,11:10:00,22.9,1.81,219.3,6.99,NA,63,NA,NA,751.4,21.9,NA,NA
MC751,2020-07-17T16:00:00Z,7/17/2020,11:03:00,24,0.54,155.3,7.1,NA,80,NA,NA,757.1,6.4,NA,NA
MC751,2020-07-30T18:00:00Z,7/30/2020,13:00:00,24.9,3.47,84.2,7.28,NA,63,"H2O color of red and really turbid, H2O flowing slowly backward",NA,750.7,42.6,NA,NA
MC751,2020-08-20T20:45:00Z,8/20/2020,15:45:00,23.6,5.38,97.6,7.23,NA,60,"Pressure transducer wouldn't re launch, deployed new on on 8/22/2020",NA,751.5,64.2,NA,NA
MC751,2020-09-05T21:15:00Z,9/5/2020,16:22:00,23.5,3.92,123.4,6.78,NA,NA,NA,NA,757.3,46.3,NA,NA
MC751,2020-09-27T15:45:00Z,9/27/2020,10:45:00,17.8,7.8,110.4,6.88,NA,68,NA,NA,752.8,81,NA,NA
MC751,2020-10-09T15:00:00Z,10/9/2020,10:00:00,16.5,4.76,193,6.8,NA,65,NA,NA,759.3,50,NA,NA
MC751,2020-10-28T21:00:00Z,10/28/2020,16:00:00,16.9,4.02,201.6,6.54,NA,NA,NA,NA,753.3,42.7,NA,NA
MC751,2020-11-06T14:15:00Z,11/6/2020,9:20:00,11.9,6.5,154.9,6.85,NA,66,Removed sensors,NA,761,59.7,NA,NA
NHC,NA,9/22/2017,NA,21.1,2.43,NA,6.58,NA,62,NA,NA,NA,NA,NA,NA
NHC,NA,7/12/2018,NA,NA,NA,NA,NA,NA,85,NA,NA,NA,NA,NA,NA
MC751,NA,5/8/2019,NA,NA,NA,NA,NA,NA,NA,Moved fence post so that it is vertical and in slightly deeper water,NA,NA,NA,NA,NA
