site,sample,date,datetime,group,latitude,longitude,CRS,habitat,K_CH4,K_CO2,K_N2O,K_O2,CH4.ugL,CO2.ugL,N2O.ugL,CH4.sat,CO2.sat,N2O.sat,pH,level_m.inst,discharge.inst,depth.inst,watertemp_C.inst,DO.obs.inst,DO.sat.inst,spc_uScm.inst,airtemp_C.inst,airpres_kPa.inst,distance_upstream_m,width_march_m,ws_area_km2,slope_wbx,cl_mgl,so4_mgl,br_mgl,no3n_mgl,na_mgl,k_mgl,mg_mgl,ca_mgl,doc_mgl,tdn_mgl,nh4n_mgl,po4p_mgl,GPP,GPP.lower,GPP.upper,ER,ER.lower,ER.upper,K600,K600_2.5,K600_97.5,depth,spc_uScm,DO.obs,DO.sat,watertemp_C,discharge,airpres_kPa,airtemp_C,slope_mm,CH4.flux_ugld,CO2.flux_ugld,N2O.flux_ugld,O2.flux_ugld,del_CO2,del_O2,del_CH4,del_N2O,wrt_days,CH4_rtd,CO2_rtd,N2O_rtd,velocity,CH4_turnover_m,CO2_turnover_m,N2O_turnover_m,O2_turnover_m,NEP,delll,CO2_flux,NEP_CO2,NEP_CO2_high,NEP_CO2_low,instr,instr_high,instr_low,CO2.umol,CH4CO2,CO2.umol_NEP,CO2.umol_extra,CH4CO2_extra
CBP,CBP_2019-11-11,2019-11-11,2019-11-11T18:30:00Z,2019-11-11,35.98549,-79.022675,WGS84,pool,3.6869954331491694,3.682512463779485,3.563846660337506,4.016622082882206,7.6492217805,4300.8550534999995,0.607127609,0.065238978,1018.131041,0.590640362,NA,0.4870918762986447,0.34598506607565926,0.29564294575511013,8.05033,10.57,11.798098168238496,99,20,100.78797774802445,3450,18.3,66.04436851,0.037,12.5150844,13.00590552,NA,0.044629105,NA,NA,NA,NA,3.876,0.1392,0.005,0.00721,0.15347299264169714,0,0.5412078199738857,1.73133000912483,2.775332945972495,0.6946172637662019,5.366803354056029,2.847861184104825,8.038692251980569,0.2981609675738044,99.18645833333332,10.370416666666667,11.775616673384992,8.168920208333333,0.35928347825728396,101.13628345926487,12.890104166666667,0.00387463147802864,27.96210995789934,12088.672091179453,0.05875802015910951,-5644.157377851053,74.60736392045453,-43.91250020994764,0.47399892515625,0.0010304529374999954,0.17577248385668373,0.10701227636911465,0.11764798923877168,0.17283237667407003,0.06584690515900661,4629.112817380588,4634.748146839278,4789.0718776318445,4249.221725377604,-1.577857016483133,0.006353245849318867,3.6043701673885113,1.7356427181314462,2.1695533976643078,1.3017320385985847,0.48153842073023767,0.6019230259127971,0.3611538155476783,97.74670576136363,0.00489097159395237,35.13000016795811,62.61670559340552,0.007634965090395918
CBP,CBP_2019-11-20,2019-11-20,2019-11-20T18:30:00Z,2019-11-20,35.98549,-79.022675,WGS84,pool,7.417787228962228,7.417612231483351,7.197032902546504,8.075036846708837,3.558607241,2711.0953285,0.0558141485,0.062852711,967.7348709,0.559712967,7.18,0.5426452201919565,0.8412349765529235,0.3620901618490297,9.34633,10.37,11.450784484136577,85.7,15.3,100.94463286067608,3450,18.3,66.04436851,0.037,10.41619253,11.7564827,NA,0.026882222,NA,NA,NA,NA,3.609,0.1187,0.005,0.00487,0.2356143402548937,0,0.635916297436407,4.032151282233414,5.36476777304547,2.800609828186633,10.405006183049183,7.765683757906944,13.244023023269342,0.3628270973336531,85.73541666666667,10.318958333333333,11.548849496730428,8.968711302083333,0.849568833348289,101.14873137593156,9.4515625,0.00387463147802864,25.930763308220858,12931.571854178172,-3.626576376298809,-9931.416461873145,39.621828581818185,-38.434098856159224,0.21848465812499998,-0.03149367615625,0.09045623133147485,0.05452014714383992,0.06319139209094254,-0.01854569733659314,0.12795220300148408,4471.038329125085,4471.143810567244,4608.178323910389,4107.128134220453,-3.7965369419785207,0.005514249744275029,4.691924679813033,4.176190636176373,5.220238295220466,3.1321429771322795,0.8900804938630833,1.112600617328854,0.6675603703973124,61.61580292045455,0.0036096738502236696,30.747279084927378,30.86852383552717,0.007205169698024909
CBP,CBP_2019-11-26,2019-11-26,2019-11-26T18:30:00Z,2019-11-26,35.98549,-79.022675,WGS84,pool,7.367409553865086,7.35528452116895,7.11122764890624,8.030254982244424,2.116654957,2670.7706129999997,0.3598372775,0.065593615,1022.745731,0.593196539,7.19,0.6592434923978459,1.089999508298409,0.38414049906057246,7.582,11.28,11.924255684347004,96.9,17.8,101.15209019969754,3450,18.3,66.04436851,0.037,14.15083184,13.86311605,NA,0.023382837,NA,NA,NA,NA,4.651,0.1559,0.005,1.14,0.34949208411020716,0,0.7272826620743442,3.234787036532979,4.182129912634514,2.284259529939205,10.86970033209548,8.156339955117527,13.42967829833763,0.38693919238028746,96.73958333333331,10.9840625,11.904696201179036,7.659645833333333,1.126342443875604,100.99503345926487,10.108333333333333,0.00387463147802864,15.111008926614144,12121.691905075884,-1.6594708325071417,-7392.923365715073,37.45511095454545,-28.769803161844855,0.128191333875,-0.014584953843750002,0.07276283607525687,0.04788726551447772,0.054698822590564286,0.10951038734766687,0.15906573600434273,5596.24634288122,5605.471637931026,5797.85106143622,5134.312529737637,-2.885294952422772,0.003422532482431295,4.690357676032731,3.173824447665049,3.967280559581311,2.380368335748787,0.6766700253763123,0.8458375317203903,0.5075025190322342,60.69933211363636,0.0021794463004112742,23.015842529475883,37.683489584160476,0.0035105807947283614
CBP,CBP_2019-12-03,2019-12-03,2019-12-03T16:15:00Z,2019-12-03,35.98549,-79.022675,WGS84,pool,7.265744798528434,7.250571582863031,7.002620977376578,7.924777885654036,2.3504515615,2444.7303155,0.1804256435,0.065548052,1029.406894,0.598040661,7.02,0.6403975929774484,0.982811602609423,0.3751730220997813,7.0985,11.215,11.988124363281036,78.05000000000001,8.575000000000001,99.72098684681126,3450,18.3,66.04436851,0.037,11.92233326,10.6992148,NA,0.280212717,NA,NA,NA,NA,5.821,0.4894,0.005,0.00834,0.4126216420918899,0.04451117141012382,0.7739837707070054,2.6900301588777036,3.5862832368245,1.776494370904265,10.870691052373854,8.076407883544574,13.810988434583376,0.3783339000430022,79.72552083333333,11.06828125,11.858904674422124,7.477005208333333,1.0245101077159098,100.17138762593156,5.743229166666667,0.00387463147802864,16.60152578928899,10261.903780488376,-2.9243996820129867,-6265.515029740514,32.166441397727276,-24.706982013191382,0.14280646934375,-0.026100938593749998,0.07821613596644822,0.05038238330832824,0.058883638055327106,-0.29211992578060797,0.14797552872004463,5278.916079188997,5289.963226470242,5477.27160561027,4839.915717217618,-2.2774085167858136,0.0044396104492255084,3.8824260791381957,2.5051493684643953,3.131436710580494,1.8788620263482962,0.645253590770356,0.806566988462945,0.483940193077767,55.562052625,0.002643948804145714,19.765585610553106,35.79646701444689,0.004103846967201042
CBP,CBP_2019-12-12,2019-12-12,2019-12-12T18:30:00Z,2019-12-12,35.98549,-79.022675,WGS84,pool,6.821149090477397,6.7976344535442745,6.5427245941035785,7.461557146340788,1.7921902735000002,2554.0784169999997,0.556585157,0.070538037,1122.766122,0.654331822,7.29,0.5482212448820578,1.0346110277362954,0.3795961388500664,5.6,12.34,12.785685018700171,88,6.4,102.70451820929628,3450,18.3,66.04436851,0.037,14.41,11.29,0.1,0.0888,7.9,NA,4.17,13.55,4.317,0.2295,0.005,0.005,0.5309440295824857,0.14356574197633412,0.9141403364391676,2.6431851909404536,3.5725049093574226,1.7400740621116564,10.66094919367388,7.968671933918545,13.441714595699706,0.38299217257986345,87.52604166666667,11.910104166666668,12.768791476030556,5.614895833333334,1.0763628078723158,102.89722095926489,2.277604166666667,0.00387463147802864,11.743646587120352,9729.537770273528,-0.6395295090871032,-6407.144429656269,32.52982488636363,-26.833978417621474,0.10760326478125001,-0.006109166562499997,0.07536480199186713,0.050450339860610906,0.05855416001564039,0.08250981716231272,0.1535739996414118,5835.729461275852,5855.916639692057,6084.067903901712,5334.862405573793,-2.112241161357968,0.0033078341232127837,3.726336808834899,2.3234652774937645,2.904331596867206,1.7425989581203234,0.6235253002318474,0.7794066252898093,0.46764397517388556,58.047236749999996,0.0019296679457140571,21.46718273409718,36.58005401590282,0.003062102971336618
CBP,CBP_2020-01-05,2020-01-05,2020-01-05T18:15:00Z,2020-01-05,35.98549,-79.022675,WGS84,pool,8.230907356048105,8.228847663900133,7.980418472492267,8.960711311800445,1.616680632,1719.0229775,0.335839624,0.063489441,980.1850062,0.567252206,7.1,1.1916774377677406,1.28732437863139,0.399006028702414,9.1,11.2,11.544316503979314,60.1,9.4,101.17711686280911,3450,18.3,66.04436851,0.037,6.91,6.7,0.015,0.2737,5.04,NA,2.53,7.26,8.738,0.539,0.005,0.005,0.6420270540620054,0.24648478223249623,1.0286160099720356,2.795871999883562,3.7375084669192455,1.871780590413159,11.626631685047922,8.696424538729149,14.638226309006514,0.4166720897409332,60.45520833333333,10.895625,11.475442881442016,9.265208333333334,1.6971456651959609,101.20883554259822,6.059375,0.00387463147802864,12.784172799351015,6079.785114132719,-1.846769244159932,-5195.580649021646,16.791772075,-18.11930879506296,0.0970744494375,-0.014463286375000002,0.052001112963914305,0.03684866518194382,0.04392298020307089,0.07282580791238538,0.22257358380205813,7009.078152131287,7010.83253425429,7229.078665529763,6438.2247027107715,-2.1538449458215565,0.005781072361149233,2.5332767686814983,2.369229440403712,2.96153680050464,1.776922080302784,0.9352430297763443,1.1690537872204305,0.7014322723322584,39.068704034090906,0.002586278250024148,14.495447036050368,24.573256998040538,0.00411189039808834
CBP,CBP_2020-01-29,2020-01-29,2020-01-29T17:30:00Z,2020-01-29,35.98549,-79.022675,WGS84,pool,4.6900976653553,4.677234066208559,4.5100012702673515,5.1218842423103395,1.480184643,1832.4860835,0.7423650385,0.067822266,1071.831479,0.623594814,6.93,1.1346830860745367,0.5228679279553178,0.3248551903972952,6.38,12.16,12.313026256777643,65.6,9.15,100.91963552698724,3450,18.3,66.04436851,0.037,8.83,8.36,0.08,0.2955,5.68,NA,2.99,9.22,3.801,0.4099,0.005,0.005,0.594504206122112,0.20764507784874417,0.9769112218379148,1.4849039501801626,2.263281920563154,0.6994212123294732,7.165180549220873,4.790566196267668,9.461915090680405,0.32850698697169356,65.22083333333333,11.462708333333332,12.25411803630739,6.565625,0.5499084518620414,101.17732512593156,4.413020833333333,0.00387463147802864,6.624117487003362,3557.759628785798,0.5356538633649384,-4053.5088868743223,17.287604647727274,-24.731553217939293,0.0882726485625,0.007423139031249998,0.12652943347900578,0.08078525743749804,0.10157654074595189,0.11594404631521446,0.0914733730787982,5055.310143574236,5069.213549375371,5257.182178269981,4629.135915678097,-0.8903997440580507,0.005106123743644543,1.1687488960219534,0.9794397184638557,1.2242996480798196,0.7345797888478918,0.8380240801061327,1.047530100132666,0.6285180600795995,41.64741098863636,0.002221303509424442,19.785242574351436,21.862168414284923,0.004231581169553711
CBP,CBP_2020-02-12,2020-02-12,2020-02-12T17:00:00Z,2020-02-12,35.98549,-79.022675,WGS84,pool,6.840867232032169,6.860272660589534,6.688983633701994,7.46887175794494,1.0109187225,1748.587455,0.494403073,0.058333469,873.3319036,0.502104946,6.89,1.2308620564874682,2.4090873439783707,0.4603461956933138,12.492,10.272,10.66763663020041,56.22,12.2,101.16378530701655,3450,18.3,66.04436851,0.037,5.19,5.66,0.015,0.1737,4.14,NA,2.3,7.11,6.638,0.4062,0.005,0.0140384,0.28198079546158744,0,0.6928281070107563,1.4154025798872665,2.1888110450744653,0.6334179786545533,8.792985852629782,6.192102419058511,11.7430212478922,0.4575553858014925,56.81041666666667,10.1578125,10.62946373533762,12.533541666666666,2.4141473931316746,101.15477304259822,12.500520833333333,0.00387463147802864,6.516509246385207,6004.491730298639,-0.05151770244585108,-3522.702591212986,19.892171622727275,-14.7391011043006,0.05953657834375,-4.8136706249999814e-4,0.040143685080224006,0.031891167902055845,0.03528030254835567,0.04031231331068568,0.28831618350293936,10924.280830072752,10893.379674728534,11172.333325414638,10005.735429111755,-1.133421784425679,0.002992965246475556,2.7473875301986648,1.246763962868247,1.5584549535853087,0.9350729721511852,0.45379981861462876,0.567249773268286,0.34034986396097155,39.740623977272726,0.0015898698569097307,11.79128088344048,27.949343093832248,0.002260604835832183
CBP,CBP_2020-02-27,2020-02-27,2020-02-27T17:15:00Z,2020-02-27,35.98549,-79.022675,WGS84,pool,5.1550231574267125,5.159950577372423,5.016000716410602,5.6130214760527695,0.9513622875,1088.4086765,0.567793767,0.061038314,931.3571389,0.537615565,7.2,1.1426209766342237,0.4029130879089989,0.3060998916248997,10.4133,11.65,11.1232997980774,68.5,7.1000000000000005,100.82935637593155,3450,18.3,66.04436851,0.037,8.02,7.4,0.07,0.097,5.63,NA,2.88,9.08,3.97,0.211,0.005,0.005,0.9928743926197312,0.5119784707637902,1.4594367758785762,1.2594343556547156,2.0465598198044037,0.4588418919818686,7.016851081804765,4.640102176716041,9.67618982639317,0.30846923204259297,68.74270833333334,10.83375,11.113648530871576,10.383333333333333,0.4176169401959473,100.6465959592649,6.251041666666667,0.00387463147802864,4.589640701004667,810.3781721163468,0.1513738828519838,-1571.0764648977815,3.5693531272727266,-8.74682908973673,0.055645248343749995,0.0018861376249999992,0.15644838792679563,0.08915701681090167,0.1401259373383474,0.1501843261369242,0.07398014276433287,3719.7995855535964,3716.2474169044863,3822.896783443241,3416.279999341802,-0.2665599630349844,0.015589729107656953,0.24997673241680973,0.2932159593384829,0.3665199491731036,0.21991196950386216,1.1729730063419515,1.4662162579274394,0.8797297547564636,24.736560829545454,0.0024037352394489114,6.997463271789384,17.739097557756068,0.0033519260365503897
CBP,CBP_2020-03-11,2020-03-11,2020-03-11T19:45:00Z,2020-03-11,35.98549,-79.022675,WGS84,pool,2.0726165762105087,2.081772836266655,2.0333837928200573,2.274027576348397,2.4450671785,366.56289335,0.51725893,0.055460255,816.115197,0.46757478,7.66,NA,0.22775354803416345,0.2687386195071499,14.3,10.951000000000006,9.823262389090385,94.06666666666668,23.175,100.55632530168396,3450,18.3,66.04436851,0.037,10.73,8.15,0.09,0.0193,6.85,NA,3.9,12.94,2.471,0.1166,0.005,0.005,NA,NA,NA,NA,NA,NA,2.5385120973945043,0.93829937834699,4.1519940030495,0.26932689788241093,94.06666666666668,10.951000000000006,9.823262389090385,14.3,0.229969826157436,101.0415959592649,17.6046875,0.00387463147802864,4.9527389202734975,-935.865774219669,0.10102694537004062,2564.5064260937374,-10.217097810227271,35.241800340925664,0.14935043271875,0.003105259374999999,0.24805399119180885,0.1650986466186964,0.6764542216036201,0.23659161159844105,0.04665949545284427,5835.204330696657,5809.5393554400725,5947.7907043825335,5318.379313938596,NA,-0.014617696286439665,-0.25205382580490426,NA,NA,NA,NA,NA,NA,8.330974848863637,0.018343195295697542,-28.19344027274053,36.524415121604164,0.004183960185192919
CBP,CBP_2020-03-20,2020-03-20,2020-03-20T18:30:00Z,2020-03-20,35.98549,-79.022675,WGS84,pool,1.5272731458338396,1.5392754935392774,1.5045132073149603,1.7108836674481611,4.9035311870000005,985.16758775,0.376934099,0.050733882,717.8425464,0.408224472,7.21,NA,0.19422861559977972,0.25914947542817324,18.6,8.62,8.941908713692944,110.2,28.6,101.0246248617426,3450,18.3,66.04436851,0.037,11.15,7.53,0.09,0.0015,7.07,NA,4.04,13.3,3.201,0.1184,0.005,0.005,NA,NA,NA,NA,NA,NA,1.678521469077752,0.12814372568546778,3.4873153354192294,0.2605944237440782,110.2,8.62,8.941908713692944,18.6,0.1990686377071474,101.35430429259824,23.856770833333332,0.00387463147802864,7.411547006101328,411.4868849594292,-0.04707677944031141,-550.7483606665062,6.075569121590911,-10.05964730290454,0.3032998315625,-0.001955648312499999,0.27726791789771016,0.19538533805368052,0.24849029391225438,0.2872138696213311,0.04174328628364422,7084.430073451796,7029.1899339229585,7191.601743417274,6324.135305387979,NA,0.04992122145144483,0.10723118766424826,NA,NA,NA,NA,NA,NA,22.390172448863638,0.013687732860809397,8.047717842323632,14.342454606540006,0.021368078728152478
NHC,NHC_2019-11-11,2019-11-11,2019-11-11T19:45:00Z,2019-11-11,35.9795,-79.0018,WGS84,run,4.618901979596933,4.6140911818209425,4.467156400965259,5.030972372122161,9.598706763,4234.538944,0.4605107145,0.063485103,981.0013865,0.567838024,NA,0.9326049255780804,0.3253165794819162,0.35332287445556604,8.24,10.06,11.730161211873051,132,20.6,100.80380130488352,0,10,81.06622487,0.022,8.278295807,8.047310712,NA,0.048003512,NA,NA,NA,NA,3.275,0.1147,0.005,0.0117,0.28364420038969457,0,0.5746616824448596,4.069905520187036,6.54491814426201,1.4980180349490544,6.686762556171562,2.2284836047497003,11.102046722863165,0.3557769246648133,131.625,9.7091666666666665,11.745950732524443,8.262083333333333,0.3436207570951134,101.13628345926487,12.890104166666667,0.00230383472585434,44.04225420126956,15012.118953783998,-0.4794478776313047,-10247.004363309128,73.94403539772726,-63.64950205805553,0.59595135375,-0.006707956843750005,0.11983526591139622,0.07732073241604767,0.08410464913414607,0.13691752682452146,0.09658320516960099,5419.982257806041,5425.633303172135,5604.094536414971,4976.049345586169,-3.7862613197973416,0.008059491892003463,5.340965514079626,4.1648874517770755,5.206109314721345,3.123665588832807,0.779800476299234,0.9747505953740426,0.5848503572244256,96.23952145454545,0.006233605109631033,50.91960164644443,45.31991980810103,0.013237427939584817
NHC,NHC_2019-11-20,2019-11-20,2019-11-20T19:15:00Z,2019-11-20,35.9795,-79.0018,WGS84,run,3.4689678614260018,3.468610513059009,3.3649171048771467,3.7763921878291127,4.1374781034999994,2421.7953005,0.0981252465,0.062698239,963.617264,0.55711081,7.07,1.0616054202795333,0.7951779086781474,0.3960994519307542,9.26,10.41,11.473546614401524,129,15.6,101.0741984186017,0,10,81.06622487,0.022,10.58106995,10.42768998,0.005,5e-4,6.65099528,1.6433728,4.03089525,4.06502066,3.507,0.1062,0.005,0.005,0.28960677313220107,0,0.5964958160642119,1.7495171423293776,2.9507118875811487,0.5525418610555894,4.8778907461584735,1.1886184408694296,8.365675100259546,0.39784180859359,129.23958333333334,10.505208333333334,11.500753882740314,9.139895833333334,0.8247523504696368,101.14873137593156,9.4515625,0.00230383472585434,14.135280392336297,5057.851667315645,-1.5444483735128256,-3759.5704354085624,33.140409920454545,-31.110798418968134,0.25467374153124994,-0.028686597718749998,0.05583070554213995,0.04688740141840443,0.05000059312827639,0.4604626008883988,0.20730660595607525,15489.87318715778,15491.469007982148,15968.85468171928,14228.890854343179,-1.4599103691971766,0.007684688938444999,2.0122248549229607,1.6059014061168946,2.007376757646118,1.2044260545876708,0.7980725425332138,0.9975906781665173,0.5985544068999104,55.04080228409091,0.004698194262031932,24.888638735174506,30.152163548916402,0.008576246313112186
NHC,NHC_2019-12-03,2019-12-03,2019-12-04T17:00:00Z,2019-12-03,35.9795,-79.0018,WGS84,run,6.432014606966364,6.417281928733948,6.194783436177536,7.017903855876762,2.9882118039999996,1812.2207,0.224883978,0.064216075,1000.367049,0.580098798,7.1575,1.1353761960344677,1.2639946319299868,0.4202825549968818,6.877,11.63,12.003438237916928,119,11.1,99.67888129421829,0,10,81.06622487,0.022,11.63645185,9.45237852,0.06725069,0.20813434,6.83991728,7.9985053,3.08110875,6.06864214,5.116,0.4047,0.005,0.005,0.5173162471961722,0.17848983107695285,0.8471129027821156,2.5237563712391387,3.6976157420341735,1.4453504961074208,9.685332896953618,5.574137525798461,13.583884268232676,0.4198760961271872,116.85416666666669,11.359166666666669,11.905345564888387,7.20803125,1.2546985855461543,99.89925220926489,7.61875,0.00230383472585434,18.80718323963526,5209.893763338978,-2.200478883220785,-3833.0309958287457,18.451219340909095,-17.068090569428705,0.18274973306249997,-0.022200926249999996,0.03873182846056812,0.031140666151126834,0.03485118832262048,0.06236899683178382,0.2988259148637235,12042.211012516469,12069.857299842552,12503.371252711753,11036.867806021037,-2.0064401240429666,0.009904480006766634,2.1875098545881495,2.2070841364472633,2.758855170559079,1.6553131023354473,1.0089482028243475,1.2611852535304344,0.7567111521182606,41.186834090909095,0.004534537355742597,13.654472455542964,27.53236163536613,0.0067834078392351605
NHC,NHC_2020-01-29,2020-01-29,2020-01-30T18:30:00Z,2020-01-29,35.9795,-79.0018,WGS84,run,7.085726860044112,7.070939291305749,6.8291542271376615,7.728413819039506,2.260156319,1290.077957,0.739243125,0.067607211,1066.518777,0.620244593,7.52,0.9718479637270624,0.4323118919950087,0.3664056286030283,7.1,12.96,12.13006882243467,91.17669172932332,9.45,101.18545375122402,0,10,81.06622487,0.022,8.72250504,7.80768964,0.05590166,0.26731168,5.45455736,0.7923814,2.410884,7.0742246,3.814,0.3827,0.005,0.005,0.7040804154230361,0.3197212979688084,1.0894052940775223,0.10239242787498014,0.6880914130500585,0,10.600895158569513,6.562954547938619,14.728506135014614,0.3688111681038115,91.29887218045111,12.4378125,12.236643174559294,6.769166666666667,0.4556860839954162,101.5376897092649,5.078645833333333,0.00230383472585434,15.53580410652136,1580.7733897940943,0.8126593278309762,1554.7197947028053,5.080890454545454,6.2865414200220515,0.13703431925,0.007437408249999999,0.09367518405548321,0.05698343371536073,0.08402995894187765,0.08492930703958036,0.12355539186577764,4519.727926883453,4529.180106380971,4689.534971160346,4143.871992557165,0.601687987548056,0.026970532129344905,0.5830068803973817,-0.6618567863028615,-0.8273209828785769,-0.4963925897271461,-1.1352469560080236,-1.4190586950100297,-0.8514352170060178,29.319953568181816,0.00481787154297529,-5.029233136017641,34.349186704199454,0.004112463306743443
NHC,NHC_2020-02-12,2020-02-12,2020-02-12T14:30:00Z,2020-02-12,35.9795,-79.0018,WGS84,run,9.874233300904542,9.9024897953273,9.655567324277076,10.781329567340888,1.526416196,1899.779433,0.6883718495,0.058815366,882.1441497,0.507361495,7.41,1.2053312770769236,1.909331005643962,0.4430440289332683,12.52,10.74,10.663997919825944,68.0187969924812,11.1,101.34459553231986,0,10,81.06622487,0.022,5.50833515,5.75652318,0.005,0.17528626,4.12454648,0.7801669,1.9344405,5.62169332,6.109,0.361,0.005,0.0119312,0.42764675621133225,0.06087178346628359,0.8236526426915782,0.06280571527243432,0.5578666221706204,0,12.682324358704784,7.372133426435421,18.14339511165965,0.4427637594595895,66.71522556390977,10.6503125,10.603917573628614,12.640625,1.9283192354057987,101.15477304259822,12.500520833333333,0.00230383472585434,14.491432988021147,10077.123008243256,1.7477576642660095,500.1989914624283,23.128074620454544,1.4498414491058154,0.091725051875,0.011313147156249995,0.02657537432188908,0.021221247358898365,0.02329200561480426,0.02489556679795812,0.4355187601079609,11432.42813694126,11399.806003662974,11691.33400749556,10470.55114259213,0.3648410409388979,0.0039659614291402395,4.461784867666512,-0.40132514503278766,-0.5016564312909846,-0.30099385877459073,-0.0899472199883717,-0.11243402498546463,-0.06746041499127878,43.17680529545454,0.002209543100680573,-1.1598731592846523,44.33667845473919,0.0021517401748394277
NHC,NHC_2020-02-27,2020-02-27,2020-02-27T16:00:00Z,2020-02-27,35.9795,-79.0018,WGS84,run,9.854350455395178,9.85804669437992,9.572509355285918,10.727461962432772,1.7353068975,988.46836875,0.6313642185,0.062340676,957.2580984,0.553325037,7.73,0.9681484774662028,0.42108564932332915,0.3651749993088026,9.78,12.14,11.292036580813914,85,6.1,100.84435637593155,0,10,81.06622487,0.022,7.92219773,7.24589772,0.06057479,0.15194832,5.16862136,0.7061614,2.3636875,8.26839306,4.142,0.2184,0.005,0.005,1.876191637256082,1.352640222765659,2.3737971344082,0.2821705191706202,0.8281389706760127,0,13.654264762217188,10.303083759582142,17.036333319818517,0.36727301698542664,84.72395833333333,11.418958333333334,11.223866240176866,9.988229166666668,0.4410050790553349,100.6465959592649,6.251041666666667,0.00230383472585434,16.485995446699274,307.6723024545214,0.7470307949876057,2092.843008507403,0.709324326136363,6.096627911139629,0.10456038884374999,0.00487744884375,0.0963899353064961,0.0503148164595561,0.09358223513971567,0.0865221940661856,0.12007554561865186,3158.359504792591,3157.1752893094063,3251.350327191709,2901.2996301779813,1.594021118085462,0.1474084350289841,0.11299973476532477,-1.7534232298940082,-2.1917790373675103,-1.3150674224205061,-15.517056155357151,-19.39632019419644,-11.637792116517863,22.465190198863635,0.004827765985227941,-4.8773023289117035,27.342492527775338,0.003966598179868803
NHC,NHC_2020-03-11,2020-03-11,2020-03-11T18:00:00Z,2020-03-11,35.9795,-79.0018,WGS84,run,6.943221688418252,6.973180912297938,6.81047739189007,7.614896738466238,4.3288902855,756.15407755,0.614607482,0.057034375,846.9394334,0.48611914,7.18,0.8814609000957887,0.220457566725755,0.33617444184395834,14.18,12.03,10.223900862477567,105,22.2,100.84879330595004,0,10,81.06622487,0.022,10.1,7.5,0.09,0.004,6.75,NA,3.47,10.87,2.328,0.0936,0.005,0.005,2.0878395003354733,1.6271047310390738,2.541232096445488,1.1230664314824794,1.693628266560962,0.5990187896927645,8.530836594455842,6.404051930107253,10.58691035207758,0.3368583838913087,106.6875,10.815,10.33860432008093,13.766875,0.22402134298871532,101.0415959592649,17.6046875,0.00230383472585434,29.6604426075813,-633.0627105293958,0.8750669483124396,3627.703909235123,-2.0633035420454537,14.887364997470897,0.26699099440625,0.008030521375000002,0.17403805528597713,0.07938012056865781,0.20372175784723345,0.13947679193348522,0.06650312229159136,2482.6528766514743,2471.9865316530286,2531.0427310877003,2263.6694744533606,0.9647730688529939,-0.12939976545650125,-0.21325248157078364,-1.0612503757382932,-1.3265629696728665,-0.7959377818037199,4.976497192066853,6.220621490083567,3.73237289405014,17.18531994431818,0.0157434161086539,-11.909891997976718,29.0952119422949,0.009298974806588393
NHC,NHC_2020-03-20,2020-03-20,2020-03-20T17:15:00Z,2020-03-20,35.9795,-79.0018,WGS84,run,7.721859610764754,7.782635010473641,7.606826289202643,8.651037157337381,7.82703403,1589.6869625,0.4771556895,0.052131165,745.0709762,0.424490368,6.8,0.8569173037331669,0.18143389424172768,0.3279037093119068,18.616,10.03,9.35800989508717,108,27.1,101.31334819863102,0,10,81.06622487,0.022,10.76,6.98,0.09,0.0015,7.12,NA,3.79,12.12,2.381,0.09932,0.005,0.005,2.15538588236756,1.5705478569551568,2.7069620990184746,3.7469339548754217,4.7301908887928015,2.760084682652985,8.483288114878778,6.133142824031176,10.87347480116275,0.32927464399427636,108,8.981041666666666,9.339662442090267,18.730260416666667,0.1874809665251845,101.35430429259824,23.856770833333332,0.00230383472585434,60.03670841086267,6573.337945384104,0.4006159521155091,-3102.441653582732,19.195817870454544,-11.206899231987533,0.48593142906250003,0.0032915825937499983,0.20327658806859109,0.07942916092296717,0.11044360748358444,0.1736413367269934,0.05693756562939095,1911.2257610283746,1896.3008018848325,1940.1280442129182,1705.9477080873414,-1.591548072507862,0.025314442569828025,2.1644335118204188,1.7507028797586481,2.1883785996983103,1.3130271598189862,0.8088503851921058,1.0110629814901324,0.6066377888940795,36.12924914772727,0.013539988746369302,8.965519385590026,27.163729762137244,0.018008927019914165
PM,PM_2019-11-20,2019-11-20,2019-11-20T16:45:00Z,2019-11-20,35.987235,-79.008397,WGS84,pool,7.281280027221763,7.278942001731581,7.058145572607998,7.927088771709966,5.587116681,2460.495081,0.113715352,0.062673398,963.2354822,0.556890084,7.24,1.136818728866227,0.8387308436138009,0.3880372430253297,9.023,10.33,11.54431188144166,97.4,14.275,101.07795108491284,1570,18.5,68.63434374,0.042,10.64530774,13.10655809,NA,0.035755663,NA,NA,NA,NA,3.768,0.1173,0.005,0.00939,0.32834657573258175,0,0.8636450523597476,4.383319875605702,6.102687415815679,2.663470260222654,10.307785754897116,6.679255692003861,14.16672152188798,0.38770222944503147,98.03541666666666,10.25953125,11.476087905356229,9.229574270833334,0.8358805658175856,101.14873137593156,9.4515625,0.00439823050281498,40.22501853802733,10898.465781201096,-3.127991772557536,-9643.75260282339,34.028627245454544,-38.01739547988214,0.3452777051875,-0.027698420749999998,0.09931436183229174,0.05790844135333492,0.06897305013877669,-0.057345466071219875,0.11653978196646682,4148.59906126066,4149.931607989494,4279.751837782884,3810.6185455511404,-4.0549732998731205,0.010146683340969074,4.225359480902052,4.460470629860433,5.575588287325541,3.3453529723953244,1.0556428748893547,1.3195535936116933,0.7917321561670159,55.92034275,0.006244503795758655,30.41391638390571,25.506426366094292,0.013690463240537878
PM,PM_2019-11-26,2019-11-26,2019-11-26T18:30:00Z,2019-11-26,35.987235,-79.008397,WGS84,pool,9.444288660607972,9.435673747157054,9.137820902073528,10.285677228142166,1.9265069795,2086.5812425,0.26654509449999997,0.065078812,1011.984885,0.58659778,7.14,1.1090581517462603,1.1766468866309678,0.4117820916916896,8.380666666666666,11.29,11.694727863170648,101.9,17.8,101.15209019969754,1570,18.5,68.63434374,0.042,13.12872003,14.93202971,NA,0.02638231,NA,NA,NA,NA,4.641,0.1529,0.005,0.0074,0.225603714760723,0,0.7318638666037971,3.0474128829091525,4.169928429430666,1.8973771354489044,13.617411081870747,10.024298535247976,17.16985709856086,0.4138454105394933,101.021875,11.166145833333331,11.788051565409424,8.062833333333334,1.211920725213585,100.99503345926487,10.108333333333333,0.00439823050281498,17.579864934856527,10139.540639253346,-2.924584119326665,-6396.721626466144,24.422644488636365,-19.43455412737788,0.11633926046875,-0.02000329284375,0.07311759815410158,0.04385608727505446,0.053949066955331144,0.3697670443098442,0.15829395885899758,4344.402803716389,4348.369309463922,4490.107058997163,3989.0221349735193,-2.8218091681484294,0.004763581622902532,4.196202358533677,3.1039900849632724,3.8799876062040903,2.327992563722454,0.7397141080793663,0.924642635099208,0.5547855810595247,47.42230096590909,0.002539030872949583,15.547643301902303,31.874657664006783,0.0037775052359139394
PM,PM_2019-12-03,2019-12-03,2019-12-03T18:30:00Z,2019-12-03,35.987235,-79.008397,WGS84,pool,9.132600770168272,9.118408142635648,8.817733493837599,9.95304401933988,1.1300536465,1431.792997,0.16691794650000005,0.064934428,1014.289405,0.588531899,7.33,1.0177485537125994,1.016663240309067,0.40135839104667625,7.682,11.57,11.792118474012216,82.33333333333334,9.7,99.946359963729,1570,18.5,68.63434374,0.042,11.61735819,10.12690927,NA,0.12798946,NA,NA,NA,NA,5.7,0.3426,0.005,0.00823,0.5814654532399566,0.07643138103031827,1.0775111862902125,3.1439524008686064,4.289548699229054,2.02281310740783,13.435195521742289,9.953171336336066,17.277787744428686,0.4053591944118733,82.28541666666666,11.20125,11.802738701747478,7.668895833333333,1.0812635854354389,100.17138762593156,5.743229166666667,0.00439823050281498,9.727308595194128,3806.9681528724313,-3.717679470428505,-5986.643525628242,9.488718,-18.79652192960868,0.06656995115625,-0.02635087203125,0.08027243496372029,0.04747119621046334,0.06615306233493051,-0.10188569495004213,0.14418491328069297,4092.232920597383,4098.60240271644,4238.3600670709875,3754.9044744237262,-2.56248694762865,0.007015694971254283,1.543189543600026,2.8187356423915153,3.523419552989394,2.1140517317936363,1.826564762625228,2.2832059532815348,1.3699235719689207,32.54074993181818,0.0021704586727176174,15.037217543686944,17.50353238813124,0.004035091394131479
PM,PM_2019-12-12,2019-12-12,2019-12-12T17:30:00Z,2019-12-12,35.987235,-79.008397,WGS84,pool,8.414722107821317,8.393596717252077,8.098185164117613,9.185040468514948,2.9594665879999997,2283.0284810000003,0.5266000965,0.069214828,1093.838881,0.636398788,7.15,0.955519264829821,1.1463711382925177,0.4099031892143976,6.6355,11.665,12.466985182121824,91.3,5.85,102.9053311009107,1570,18.5,68.63434374,0.042,13.24,10.91,0.015,0.0661,7.54,NA,3.98,12.95,4.546,0.2113,0.005,0.005,0.11190737973336656,0,0.5818215737834069,2.9311355790213223,4.157522363976344,1.7401267149379995,12.760127556644882,9.086102510270104,16.406515336175534,0.4113556642919712,91.42083333333332,11.63046875,12.505571841886582,6.435057291666666,1.170488928808744,102.89722095926489,2.277604166666667,0.00439823050281498,24.320665382041472,9981.577922750312,-0.8891701345448271,-8037.857313100804,27.027036363636373,-27.346971621455662,0.180640735,-0.006862418218750006,0.07525028646088004,0.04649668865285776,0.05662173123546513,0.08620336811070052,0.15380770782967085,4737.762858787118,4749.687078425953,4922.949656189374,4340.422669460098,-2.8192281992879558,0.006683704886083764,4.105978617095028,3.1011510192167515,3.876438774020939,2.3258632644125634,0.7552769530521349,0.9440961913151686,0.5664577147891012,51.88701093181819,0.0035647970162138326,21.877577297164528,30.00943363465366,0.006163617214568424
PM,PM_2020-01-05,2020-01-05,2020-01-05T19:45:00Z,2020-01-05,35.987235,-79.008397,WGS84,pool,9.445590809759771,9.444791597303508,9.162787245364134,10.282629959192498,0.960267141,1420.5735475,0.2445083625,0.063401662,977.9482553,0.565844978,7.33,1.1033919593583028,1.0392237176139634,0.4029068433609929,9.28,11.2,11.48354348878016,65.1,10.3,101.18835886387566,1570,18.5,68.63434374,0.042,7,6.85,0.015,0.2463,5.09,NA,2.58,7.98,8.767,0.5549,0.005588,0.005,0.2423631785036036,0,0.7363696635130674,2.5891800654579304,3.7669406478926737,1.372930125701314,13.274383839677396,9.06238721191682,17.96419586264726,0.4243505894568435,64.42083333333333,10.954791666666669,11.461133883649111,9.317291666666666,1.5290148199935387,101.20883554259822,6.059375,0.00439823050281498,8.471424326033198,4180.503640524569,-2.9443390419718787,-5206.529649947633,10.059665731818178,-15.823194280701337,0.0560540924375,-0.020083538468750002,0.05942526141229179,0.038986649972206945,0.050579928302498446,0.2089433724023727,0.1947669021390294,5344.67160934747,5345.123872171992,5509.631478126738,4909.59815093851,-2.346816886954327,0.005572162528244248,1.7739991840830813,2.5814985756497597,3.2268732195621994,1.9361239317373196,1.4551858866744896,1.8189823583431117,1.091389415005867,32.28576244318182,0.001858921449295817,12.658555424561069,19.627207018620748,0.003057831725907863
PM,PM_2020-01-29,2020-01-29,2020-01-29T16:30:00Z,2020-01-29,35.987235,-79.008397,WGS84,pool,5.548975320105032,5.533758185082088,5.3359058152563055,6.0598282109783685,1.113416804,1671.8546660000002,0.7226269255,0.068037888,1075.239077,0.625577365,6.58,0.9318559141006484,0.5356918403930316,0.3586853175215837,6.380421052631579,11.906,12.329582972959686,69.38315789473685,7.5,101.13711419649798,1570,18.5,68.63434374,0.042,8.83,8.31,0.015,0.3203,5.74,NA,2.97,9.08,3.979,0.416,0.14465,0.011404,0.3720524544493686,0,0.9015831215004702,1.506220086171273,2.60197198017182,0.4190693073145682,8.477205623806299,4.824431586086575,12.24806453266418,0.3585947602375743,69.35444078947368,11.705416666666666,12.27749329414569,6.549133771929825,0.5358378626411205,101.17732512593156,4.413020833333333,0.00439823050281498,5.800781805042151,3301.5263989763216,0.5178473142400184,-3466.686086038754,13.55944520454546,-17.87739460871951,0.06533618225,0.006065597531249994,0.14329417204018843,0.08204425848987842,0.11168916881294466,0.12994997861782084,0.08077142223780043,3772.9403063269688,3783.315414915859,3923.5986107884914,3454.8756029269894,-1.1341676317219043,0.0048184996704804485,1.183910067458936,1.2475843948940946,1.5594804936176183,0.9356882961705709,1.053783077942588,1.317228847428235,0.790337308456941,37.996696954545456,0.001831436830765767,14.301915686975608,23.694781267569848,0.0029368724473200023
PM,PM_2020-02-12,2020-02-12,2020-02-12T14:00:00Z,2020-02-12,35.987235,-79.008397,WGS84,pool,6.429555209639573,6.4474957633868595,6.286116400911377,7.019057861049656,0.700666357,1560.1583665,0.504017091,0.058449087,875.0628733,0.503100133,7.05,1.1232667343014042,2.289418536569827,0.4627899793753962,12.44,10.37,10.681653170025326,56,11.1,101.26377197546076,1570,18.5,68.63434374,0.042,5.45,5.88,0.015,0.1793,4.33,NA,2.34,7.4,6.063,0.3664,0.019907,0.0148216,0.2317575434122379,0,0.7723539163979073,1.1094567420859167,2.1189769066890505,0.11193614596588536,8.275970330342384,4.48015012371995,12.302408687021742,0.45596518769787914,55.02760416666667,10.319583333333334,10.625025453408574,12.5521875,2.149156855673471,101.15477304259822,12.500520833333333,0.00439823050281498,4.1291713940490045,4417.1502899224315,0.00576410472274704,-2143.9159140097845,15.57035211818182,-9.545066252351242,0.040138579375000004,5.7309875000001453e-5,0.045427784671989914,0.03583437418192672,0.04025087723262577,0.04540419596438712,0.2547796278784969,10271.142776268096,10242.562689396214,10505.513314473768,9408.510494345846,-0.8776991986736788,0.0025778851416037897,2.014066761034223,0.9654691185410467,1.2068363981763084,0.7241018389057851,0.47936301676776516,0.5992037709597064,0.3595222625758239,35.45814469318182,0.0012350236508826874,7.636053001880994,27.822091691300827,0.0015739883182899724
PM,PM_2020-02-27,2020-02-27,2020-02-27T16:15:00Z,2020-02-27,35.987235,-79.008397,WGS84,pool,4.843973734066999,4.848101359278061,4.711952219634072,5.27401973682718,1.1578607980000002,893.75288785,0.5843984195,0.061492257,939.9796765,0.542804507,7,0.972702678253364,0.4051715165159349,0.34153618400552116,10.3,11.28,11.15454216805119,67.45,6.25,100.84435637593155,1570,18.5,68.63434374,0.042,7.94,7.34,0.015,0.0996,5.64,NA,2.86,8.9,4.226,0.2314,0.005,0.005,0.9207142960815732,0.27959048757519384,1.5004620308677434,1.068999092657279,2.102668974089213,0.0251939818552541,6.614415180670874,3.367048231664956,10.187037288612808,0.3438125154765717,67.51614583333334,10.850833333333334,11.07241832575116,10.540208333333334,0.4216493779233451,100.6465959592649,6.251041666666667,0.00439823050281498,5.310780415461358,-224.11215688912463,0.19598852832764008,-1168.643623396316,-1.0506088329545455,-6.9245310130570665,0.06852303381250001,0.0025996195312499998,0.1745935533318768,0.09695271917558465,0.1825872296807083,0.16493603853304653,0.06629153169288818,3547.2457032441357,3544.225613582331,3646.6339669571225,3258.0016519114633,-0.1482847965757058,-0.0652222136946993,-0.07705256440893002,0.1631132762332764,0.2038915952915955,0.12233495717495729,-2.1169091189179468,-2.6461363986474336,-1.5876818391884602,20.312565632954545,0.0035626370977772954,5.539624810445654,14.772940822508891,0.004898571025529231
PM,PM_2020-03-11,2020-03-11,2020-03-11T21:30:00Z,2020-03-11,35.987235,-79.008397,WGS84,pool,3.5497028798080184,3.573120775363907,3.493564471312702,3.939397107398378,1.844973819,268.2473417,0.4767949555,0.054889032,804.0438613,0.460245634,7.89,NA,0.2261611600687636,0.3083267772955672,16.9502864,10.452500000000017,9.617247397009336,94.06666666666668,22.25,100.56715152485418,1570,18.5,68.63434374,0.042,10.71,8.26,0.09,0.0055,6.94,NA,3.92,12.8,2.481,0.1103,0.005,0.005,0.956336784130864,0.3192122187129911,1.6033673479062998,1.4496073699483465,2.4822419991453915,0.44354178880133194,4.062428325338345,1.301343632372291,6.857716658327325,0.30845593705156027,94.06666666666668,9.881857638888896,10.155286486752177,14.608659625,0.2267283338799882,101.0415959592649,17.6046875,0.00439823050281498,6.354269123514422,-1914.465675550435,0.0578161216167314,-1077.1448123518658,-12.177193627272727,-8.544651495727528,0.1118802991875,0.0010343325937499995,0.29130324540460645,0.1454133857402221,-0.26997162150592596,0.28136449199721214,0.03973204643840557,2901.2418181297776,2882.227353701992,2947.8621394855954,2614.2443008585137,-0.4932705858174825,-0.009187691566053988,-0.5905283039049577,0.5425976443992307,0.6782470554990384,0.40694823329942303,-0.9188342723138277,-1.1485428403922846,-0.6891257042353708,6.096530493181818,0.018914178124174123,6.835721196582023,0,Inf
UNHC,UNHC_2019-11-11,2019-11-11,2019-11-11T19:00:00Z,2019-11-11,35.9925,-79.046,WGS84,run,4.818835922104074,4.814082752395077,4.66135200939032,5.248479933434892,14.13018955,5302.483838,0.663206562,0.064528423,1004.329239,0.582278176,NA,0.5201776938855135,0.36747679691801094,0.2816953504864305,8.3,7.74,11.720091133167209,144.9,20.6,100.60716485640998,8450,13.8,58.01544528,0.018,10.94690444,11.72112953,NA,0.181355084,NA,NA,NA,NA,2.895,0.2587,0.005,0.00578,0.07035421351502327,0,0.4976834416769831,6.457051979274431,10.419057598641029,2.365864425407446,6.9642084220276095,2.308483425802679,11.425481947156497,0.28425452275000385,144.9,7.85875,11.730410013499815,8.322291666666667,0.3819830741444876,101.13628345926487,12.890104166666667,0.00188495565416643,67.78011310693047,20691.67192217348,0.3772356946978155,-20320.329889936056,97.68533179545456,-120.98937542186924,0.8791038204375,0.005058024125000005,0.1188580518967558,0.07569892683258889,0.08119745166124369,0.11133126343373499,0.0973772823075353,5237.819253885779,5242.990798518323,5414.779129159661,4809.047932778241,-6.386697765759408,0.00899934313862264,5.881701327137077,7.025367542335348,8.781709427919186,5.269025656751511,1.194444796086739,1.493055995108424,0.8958335970650543,120.51099631818182,0.007328267742001555,96.79150033749539,23.719495980686432,0.03723253005013652
UNHC,UNHC_2019-11-20,2019-11-20,2019-11-20T18:30:00Z,2019-11-20,35.9925,-79.046,WGS84,run,3.9519991482382415,3.951737477432583,3.8338901756792705,4.302197075589402,12.94632405,5592.0991165,0,0.062897059,969.291002,0.560724309,6.89,0.6257246793822885,0.8774528089810406,0.34679835414164184,9.3,7.7,11.463451052690434,92.11428571428571,15.3,100.85131197012817,8450,13.8,58.01544528,0.018,4.44691428,5.83554962,0.005,0.02316432,2.6250164,0.6435082,1.58632325,1.09122898,2.171,0.09697,0.00139252,0.005,0,0,0.4402360740047233,5.277519734726382,8.632463190421046,2.086160119027689,5.550800182824453,2.0283872207033418,9.261975550951384,0.3475778519699024,92.11428571428571,8.1353125,11.442217373884288,9.353270833333331,0.8859401487453842,101.14873137593156,9.4515625,0.00188495565416643,50.91529249482157,18268.124077049102,-2.149755419539648,-14226.956477677326,105.06382078409091,-103.34077730888403,0.8052141869374999,-0.0350452693125,0.06266327018871166,0.050273712952333696,0.052015372678435715,-0,0.18470268211694862,12114.105648543778,12114.90780400147,12487.299586308789,11128.020024083673,-5.277519734726382,0.007664048203541328,6.349595326220382,5.805271708199021,7.256589635248775,4.353953781149265,0.914274282051708,1.142842852564635,0.6857057115387809,127.09316173863635,0.006366552236610379,82.67262184710722,44.42053989152913,0.01821556548166362
UNHC,UNHC_2019-12-03,2019-12-03,2019-12-04T17:00:00Z,2019-12-03,35.9925,-79.046,WGS84,run,3.2634070434153855,3.2559321340984875,3.1430432194850977,3.560669288355673,4.0717366104999995,2910.2987355,0.8121127865,0.064216075,1000.367049,0.580098798,7.1575,0.5792477429268167,0.6099671874570972,0.3179456107426091,6.877,9.91,12.003438237916928,83.7356162981163,11.1,99.67888129421829,8450,13.8,58.01544528,0.018,4.81701687,3.98507902,0.005,0.18998888,2.74613072,3.2591356,1.43715475,3.67716212,2.955,0.2497,0.005,0.005,0.7349615312650044,0.31371346338238915,1.1434528886212192,3.067451882201498,4.801574754667597,1.4702743202647623,4.914041015937398,1.981814989938726,7.978535434165846,0.3197828352002614,83.7356162981163,9.879270833333331,11.890285474975116,7.26028125,0.6260933393478527,99.89925220926489,7.61875,0.00188495565416643,13.078170742182497,6218.6079520082685,0.7292299933806186,-7160.558072927492,43.40753832954545,-62.844207551305765,0.25047003346874996,0.01450087428125,0.08157956946149644,0.06464161585190731,0.06946986673596363,0.07601144932490302,0.14187466482691788,11268.564611741052,11294.434775840065,11700.097820850686,10327.80922491103,-2.332490350936493,0.0057701966779873095,1.9886040818920951,2.5657393860301427,3.207174232537678,1.9243045395226068,1.2902213212742284,1.6127766515927853,0.9676659909556711,66.14315307954546,0.0038474660839074534,50.27536604104461,15.867787038500843,0.016037746003193968
UNHC,UNHC_2020-01-29,2020-01-29,2020-01-29T17:45:00Z,2020-01-29,35.9925,-79.046,WGS84,run,5.423996455235318,5.4125446912806945,5.22715953232234,5.9162045452787755,4.031286640499999,2078.3018615,0.7879252655,0.067130552,1058.050066,0.615191317,7.72,0.5624649449329483,0.5310660991284459,0.3075969106653762,7.073333333333333,11.73,12.097881394519664,66.2207894736842,9.575,100.79173308064676,8450,13.8,58.01544528,0.018,8.84040874,8.26972046,0.07259141,0.33684576,5.40002528,0.8260072,2.634809,2.36669896,3.872,0.4784,0.005,0.005,0.47602412736109656,0.05268536829837906,0.8975840993714392,2.0287784968908733,3.14797509645561,0.9535545198744104,8.12106953189039,4.483469484594165,11.99765977175274,0.31497015032384684,66.2207894736842,11.347708333333332,12.200741606361518,6.745833333333334,0.5873302317049159,101.17732512593156,4.413020833333333,0.00188495565416643,21.5015685720235,5522.1584395031205,0.9029079054574513,-5046.719327163378,23.187540806818184,-26.65728978213083,0.24775975553124996,0.01079587178125,0.08565493418814445,0.05879439290078426,0.06977488773197009,0.07799897338754697,0.13512442901013924,6457.277818760776,6470.940010130576,6700.4367827027845,5920.054273204263,-1.5527543695297767,0.010685038038117324,1.7393150738023975,1.7080298064827546,2.135037258103443,1.2810223548620658,0.982012880937524,1.227516101171905,0.7365096607031429,47.23413321590909,0.005334180980511525,21.325831825704665,25.908301390204425,0.00972489130941293
UNHC,UNHC_2020-02-12,2020-02-12,2020-02-12T15:45:00Z,2020-02-12,35.9925,-79.046,WGS84,run,8.033654865361465,8.05693043051691,7.856403325799673,8.772399312793572,1.9207774465,2552.7331425,0.5629512175,0.058365242,874.5999868,0.502928154,7.21,0.8390753948502008,3.4956266301969965,0.4824812665734626,12.56,9.81,10.654392284538966,66.6,11.55,101.07796441646865,8450,13.8,58.01544528,0.018,4.92744375,5.38251686,0.005,0.19134344,3.78632504,0.8027278,1.8682965,5.46935774,7.506,0.4227,0.005,0.0136056,0.5125595919061254,0.05701955178605371,0.988801832608594,3.3451551812189733,4.830072949381537,1.902194881042796,10.307132314871255,5.802678429530004,14.767906146118817,0.4639078498197052,66.6,9.578854166666666,10.619606767542782,12.56625,3.1188586223729895,101.15477304259822,12.500520833333333,0.00188495565416643,14.961976867989996,13520.602088618703,0.47156539570608474,-9129.897400713766,38.13938990227273,-32.523518777378634,0.11640076278125,0.0037514414687499983,0.02375753493537962,0.020047532216127234,0.02110219773653782,0.023293964268953343,0.4871748733846125,15718.341066125691,15672.932547984043,16072.969009446628,14394.662472458636,-2.832595589312848,0.0030519828208975535,6.272313443198917,3.1158551482441323,3.8948189353051657,2.3368913611830995,0.49676330375719036,0.620954129696488,0.3725724778178928,58.01666232954546,0.0020692088373569584,26.018815021902906,31.997847307642555,0.0037517708379581176
UNHC,UNHC_2020-02-27,2020-02-27,2020-02-27T17:00:00Z,2020-02-27,35.9925,-79.046,WGS84,run,6.873569565281473,6.88163352498278,6.692274824176316,7.485412309073707,2.9454465835,745.7670333000001,0.6175772765,0.060949053,929.9951436,0.536829369,7.79,0.5247934399022084,0.3830942074290211,0.28451010596404397,10.651,11.95,11.063393324957046,92.6,6.7,100.84435637593155,8450,13.8,58.01544528,0.018,3.27938008,2.8755791,0.005,0.28644484,2.98876784,1.348213,1.65108925,4.69657422,3.881,0.2735,0.005,0.005,2.0483489967927975,1.4147977522831197,2.7029814846299596,2.5130865948857197,3.578950424672762,1.5307524318178505,9.294150868889544,6.304159057812865,12.510299012808034,0.2881479043584998,92.6,10.764166666666666,11.106377454465909,10.414520833333333,0.4051163832145462,100.6465959592649,6.251041666666667,0.00188495565416643,19.826794436774367,-1267.7903400847051,0.5403871884671678,-2561.5888432902593,-4.18700250681818,-10.694087118726326,0.18028109565625,0.005046744218750003,0.11360593034432337,0.06437618484175373,0.14079795974466217,0.10333387276603345,0.10187913640594913,3841.8280204516473,3837.326132023005,3945.90372484773,3527.804623990017,-0.46473759809292225,-0.0430573173440134,-0.36531112966135754,0.5112113579022145,0.6390141973777681,0.38340851842666085,-1.3993862119013623,-1.7492327648767028,-1.0495396589260215,16.949250756818184,0.010861271339365597,8.55526969498106,8.393981061837124,0.021931239791058044
UNHC,UNHC_2020-03-11,2020-03-11,2020-03-11T19:15:00Z,2020-03-11,35.9925,-79.046,WGS84,run,4.326112034721883,4.35017516472666,4.252271944753436,4.7716155490092,5.2923084485,226.4840687,0.5720231955,0.054365635,794.2049896,0.454370944,7.82,0.47228616352295194,0.233135247636634,0.252679844165479,15.664,12.092026630078658,9.893575881565136,94.06666666666668,22.925,100.4846701890323,8450,13.8,58.01544528,0.018,10.55,7.72,0.09,0.0921,6.66,NA,3.5,11.58,2.425,0.1681,0.005,0.005,2.04901798449251,1.5142259148426205,2.593171186923619,2.1072928661836445,2.894450271909037,1.3409555199294263,5.1144768911461735,3.1634130259524813,7.012367365994125,0.25407257633294833,94.06666666666668,10.397331268293192,10.323934167400298,13.844479166666666,0.23859081625703116,101.0415959592649,17.6046875,0.00188495565416643,22.659927442667353,-2469.6854505949286,0.5002893682905254,350.2227478727384,-12.902748202272727,2.2936594029029367,0.32737142584375,0.007353265718750002,0.17008633079114918,0.0984151329580387,-0.19900147919230404,0.14806120815783266,0.06804823186106591,4077.1255013330237,4054.57275408278,4147.924198533596,3696.4632873766923,-0.058274881691134706,-0.02537222463863054,-0.627479345164652,0.06410236986024817,0.08012796232531022,0.04807677739518613,-0.10215853374970862,-0.1276981671871358,-0.07661890031228147,5.1473651977272725,0.0642599204302223,-1.8349275223223493,6.982292720049622,0.047372588244753405
UNHC,UNHC_2020-03-20,2020-03-20,2020-03-20T18:00:00Z,2020-03-20,35.9925,-79.046,WGS84,run,4.189494950356024,4.225670023127928,4.127943563673158,4.724895630806152,8.9131721245,769.3112255,0.414224693,0.05054137,714.4643639,0.406236105,7.41,0.46127270423504874,0.20860715101574367,0.2460580029648323,19.662,11.81,9.152485221483875,111.7,28.3,100.97046974909097,8450,13.8,58.01544528,0.018,10.93,7.25,0.1,0.0554,6.93,NA,3.75,12.55,2.706,0.1458,0.005,0.005,2.7492539746204474,2.1223595336579364,3.3557971488566074,2.7224929795144424,3.560937274038706,1.914198974083212,4.488806978586643,3.047410183100185,5.984552214148908,0.24803967331156415,111.7,9.582083333333332,9.34126991902931,18.735416666666666,0.21586236405781825,101.35430429259824,23.856770833333332,0.00188495565416643,37.12994679284775,231.76473892576632,0.03297644041743659,1137.8182490845911,1.246519581818182,7.525419197000671,0.5539144221562501,4.992867499999977e-4,0.18353105690061658,0.10401056533660574,0.1739151075303633,0.18088811636497626,0.0630632998552475,3901.6653597090663,3868.2640227502898,3959.8427329115475,3459.5488662024118,0.026760995106005048,0.44436880915124233,0.05748685012828703,-0.029437094616605552,-0.03679636827075694,-0.022077820962454163,-0.5120665778506571,-0.6400832223133215,-0.38404993338799287,17.48434603409091,0.03186125787576331,-6.020335357600537,23.504681391691445,0.023700523674325027
WB,WB_2019-11-11,2019-11-11,2019-11-11T17:45:00Z,2019-11-11,35.993014,-79.034349,WGS84,run,1.340960645390883,1.3404852261899562,1.2997322676563503,1.4599160721646869,3.854542546,5075.6682385,0.5877825295,0.062225047,955.4825799,0.552298732,NA,0.678029091633078,0.34806349698471745,0.4874468405962325,8.98667,8.83,11.544282570511644,99.4,18.85,100.80089885854304,5950,10,61.64141061,0.038,9.28627987,12.55795999,NA,0.062500965,NA,NA,NA,NA,4.698,0.1713,0.005,0.00466,0.7717209343782573,0.35221571629880977,1.1970689438284234,2.614760246809631,4.352320051228277,1.0646704590019744,1.9003030873727853,0.4059193780921277,3.751655388068852,0.4913550678033648,101.05625,8.962395833333334,11.37406015516013,9.627642395833334,0.3706332762008858,101.13628345926487,12.890104166666667,0.00397935127800959,5.08534852098618,5523.048004513035,0.0461194365897337,-3520.8275041010893,93.64058315000001,-75.36451005708739,0.23701984368749998,0.002217737343749998,0.15343954028416626,0.1276073684993653,0.13148609412209616,0.1516141973068794,0.07543084430935582,14580.349477210657,14585.520573439291,15042.847924550024,13392.32796854879,-1.8430393124313738,0.002531165822705579,2.7137776267387412,2.027343243674511,2.534179054593139,1.5205074327558832,0.7470557733615237,0.9338197167019048,0.5602918300211428,115.35609632954547,0.0020883933904696237,60.29160804566991,55.064488283875555,0.0043750321964863325
WB,WB_2019-11-20,2019-11-20,2019-11-20T17:30:00Z,2019-11-20,35.993014,-79.034349,WGS84,run,3.718833019086735,3.716979463975175,3.602879766898333,4.0490020712408015,2.5761597555,2710.6355999999996,0.150087248,0.062673398,963.2354822,0.556890084,7.2,0.6696067144841504,0.8607957222309055,0.5476723359427466,8.83033,10.04,11.595577244052013,97.4,14.7,101.06795108491283,5950,10,61.64141061,0.038,10.10415359,12.42694528,NA,0.033381081,NA,NA,NA,NA,4.175,0.1488,0.005,0.00649,0.7082235678644118,0.28171986612689076,1.1562452336469673,4.365720236458076,6.562380713720596,2.2667176811994825,5.293568956634044,2.6757628495981285,8.001311792194914,0.5481994310242891,98.70416666666668,9.981510416666666,11.533703353329653,9.025820989583334,0.8677430300493516,101.14873137593156,9.4515625,0.00397935127800959,9.347236059295046,6495.050353210402,-1.4656617069412603,-6284.832415513769,39.71363904090908,-48.506029270718344,0.15709289734375,-0.025425177249999997,0.07311958266814919,0.057788145128282835,0.062218606962225385,0.2557002696353274,0.15828966265579805,11032.676205090436,11038.177896335259,11387.746251578043,10133.03521176263,-3.657496668593664,0.003955640962086813,3.5605829081040508,4.02324633545303,5.029057919316288,3.017434751589773,1.129940360690924,1.4124254508636551,0.847455270518193,61.60535454545454,0.0026135712700095137,38.80482341657468,22.80053112887986,0.007061676932376797
WB,WB_2019-11-26,2019-11-26,2019-11-26T19:45:00Z,2019-11-26,35.993014,-79.034349,WGS84,run,4.245928312021486,4.244389096815329,4.115283610313058,4.62259632842023,2.6083302794999996,2796.8661895,0.36553936,0.06374105,984.069491,0.569500233,7.29,0.6901577419824926,0.9489577871840736,0.5545861807207985,8.978,11.01,11.520133275732093,105.5,17.35,101.12584019969756,5950,10,61.64141061,0.038,13.04364642,11.78143789,NA,0.045004039,NA,NA,NA,NA,5.046,0.1849,0.005,0.00714,0.313177667248035,0,0.7367066595724828,2.83189088008827,4.328444476274827,1.3243264639268808,6.018478635367881,2.8325127644258847,8.951779001061915,0.5568548490610067,103.521875,10.716979166666668,11.737583996141238,8.234447916666667,0.9808593653036576,100.99503345926487,10.108333333333333,0.00397935127800959,10.80414345199899,7694.214541856225,-0.8393568378020428,-4717.844137497108,41.19992496590909,-31.8939009210803,0.15903682684374998,-0.0127475545625,0.06570849501492135,0.051650489207129155,0.05564909204269781,0.07738430100389201,0.17614273575198744,10752.936402069921,10756.835922788541,11094.301494190819,9876.743254914089,-2.5187132128402347,0.003860124186520852,4.284560677348351,2.770584534124258,3.463230667655323,2.077938400593194,0.6466437851544048,0.8083047314430061,0.4849828388658037,63.56514067045455,0.0025646233257613626,25.51512073686424,38.050019933590306,0.004284377321044093
WB,WB_2019-12-03,2019-12-03,2019-12-03T17:30:00Z,2019-12-03,35.993014,-79.034349,WGS84,run,5.094029537530705,5.087507423129027,4.922846707933156,5.549834836426133,2.07639716,2328.601595,0.453179213,0.064073393,997.2470881,0.57817217,7.18,0.730160510617084,0.8663396591256514,0.5481248782484426,7.98017128463476,11.07251256281407,11.716408368228011,92.36216216216216,9.4,99.83637862790712,5950,10,61.64141061,0.038,11.8108469,11.76230558,NA,0.813494029,NA,NA,NA,NA,6.471,1.076,0.00199,0.00792,0.9092395237470478,0.4423531147001969,1.361163723122088,3.9060292087635777,5.454589873607272,2.3248674126303523,7.429862399130865,4.5023801900181,10.292803692113864,0.5526063471983028,90.00104166666667,10.93100083752094,11.756343644399124,7.883793319689336,0.9280291953954962,100.17138762593156,5.743229166666667,0.00397935127800959,10.250836708173058,6773.275936670036,-0.6153211668822806,-4580.516261606276,30.258056975000002,-25.791962714943217,0.1257702354375,-0.0078120598124999975,0.06891924120502398,0.05142293901508323,0.05741033288636957,0.07603436181737579,0.1679367600644791,8545.142482588246,8556.097237483875,8842.283904263313,7843.33398951094,-2.99678968501653,0.004156586642077336,3.7429552739293914,3.2964686535181826,4.120585816897728,2.472351490138637,0.8807128090679848,1.100891011334981,0.6605346068009885,52.92276352272727,0.002452155062618172,20.633570171954574,32.2891933507727,0.004019141051007222
WB,WB_2019-12-12,2019-12-12,2019-12-12T19:00:00Z,2019-12-12,35.993014,-79.034349,WGS84,run,5.04108706038161,5.033521143020127,4.868144015130322,5.493587550145886,2.0927750725,2268.0724765,0.7084856365000001,0.066522216,1039.090977,0.602922778,7.46,0.7142275418101454,0.8758520971595328,0.5488955163216217,7.74,11.876666666666669,12.11276224613295,98.8157894736842,6.7,102.58369731874834,5950,10,61.64141061,0.038,12.47,11.08,0.1,0.1246,7.38,NA,4.11,13.68,4.217,0.2713,0.005,0.005,1.0189582851295946,0.5318815117343574,1.500997270409088,4.151248767791765,5.7989242418063105,2.3963970553296736,7.40367486732492,4.473593938319379,10.224023048210602,0.5520664250216073,98.02091557017545,11.279270833333332,12.389364445110733,6.810208333333334,0.916348401953306,102.89722095926489,2.277604166666667,0.00397935127800959,10.214517055963425,6186.104362113829,0.5138951978268239,-6098.396445156793,27.93139771590909,-34.69042536804379,0.12664080353124998,0.0065976786562500014,0.06972956665160353,0.05202381260495946,0.058587144433644836,0.0663725832310694,0.16598517142523947,8534.539459067624,8547.367779130442,8837.73288130021,7831.559257170582,-3.1322904826621705,0.004533994496778021,3.415140520002752,3.4455195309283875,4.306899413660484,2.5841396481962904,1.0088953911991918,1.2611192389989896,0.7566715433993937,51.547101738636364,0.002537454825189754,27.752340294435033,23.79476144420133,0.005496942776164076
WB,WB_2020-01-05,2020-01-05,2020-01-05T18:45:00Z,2020-01-05,35.993014,-79.034349,WGS84,run,5.0727339895254655,5.0721180876408,4.920302119004446,5.522309605252834,2.4295357225,2009.389185,0.444889931,0.063217622,975.1095085,0.564202468,7.21,0.965883506012054,1.3656532569476143,0.5811777629702987,9.24,11.38,11.50111998174527,62.9,9.4,101.07046175015748,5950,10,61.64141061,0.038,6.68,6.77,0.015,0.3117,4.98,NA,2.62,8.03,8.852,0.5999,0.005,0.0112616,0.7417927804546257,0.26804210833238545,1.1706300825232083,2.442186607730868,3.4416631078828868,1.3165889409079512,7.137078714542621,4.290813773384906,10.185242898740968,0.5994657747628407,63.91770833333333,10.969583333333333,11.47746868734891,9.257083333333334,1.9207239167949264,101.20883554259822,6.059375,0.00397935127800959,12.003702258435688,5245.988654854926,-0.587053728624896,-2804.700168847461,23.50635628409091,-15.871417312986802,0.14789488128125,-0.007457033562499996,0.0361231576350393,0.030652457283190847,0.03301004319767622,0.037931195455330746,0.32040593435960524,16371.68800049352,16373.675997089893,16878.885925568633,15038.855863317236,-1.7003938272762422,0.0062916974240429255,3.1447906533796806,1.8704332100038663,2.338041512504833,1.4028249075028996,0.5947719311597823,0.7434649139497279,0.4460789483698367,45.667936022727275,0.0033250020885700142,12.697133850389442,32.970802172337834,0.004605468252260093
WB,WB_2020-01-29,2020-01-29,2020-01-29T18:00:00Z,2020-01-29,35.993014,-79.034349,WGS84,run,2.5276011559616616,2.5210819615643874,2.431937462047671,2.7593657691374487,2.4173348395,2299.970477,0.8561083300000001,0.067303399,1061.726068,0.617457345,7.06,0.7101760413771845,0.5258953832174875,0.514029413778929,6.56,12.355,12.247042712906238,68.5,10,100.76381730275048,5950,10,61.64141061,0.038,8.44,8.35,0.07,0.3164,5.56,NA,3.02,9.37,3.741,0.4241,0.005,0.005,0.5015884760715854,0.07879549002356961,0.9047449773390408,0.2992858407132039,1.0138060415138133,0,3.8412950004047417,1.512502192729507,6.365086654003509,0.5191151461857428,68.33020833333333,12.03140625,12.239881378675456,6.612291666666667,0.5686193417834786,101.17732512593156,4.413020833333333,0.00397935127800959,5.939942185554049,3121.715643537856,0.5803842707760767,-575.2591337835782,28.141918386363635,-6.514847771108001,0.14687696503125,0.014915686562500002,0.10566431201729043,0.08388444706739735,0.09241103585871673,0.09860117955326661,0.10953626492339386,11232.70568268973,11261.752017981176,11674.560021061576,10289.24841559468,0.2023026353583815,0.0052191525472698504,1.6205298726454744,-0.22253289889421962,-0.27816612361777454,-0.16689967417066473,-0.13732107173744365,-0.17165133967180457,-0.10299080380308274,52.27205629545454,0.002890328756435164,5.211878216886401,47.06017807856814,0.003210430424137207
WB,WB_2020-02-12,2020-02-12,2020-02-12T14:45:00Z,2020-02-12,35.993014,-79.034349,WGS84,run,4.584183172442307,4.596647156497867,4.481153325480587,5.003695122584089,1.45141473,2253.471662,0.5063914359999999,0.058287221,872.6395158,0.501706871,6.83,0.8487890100877935,3.166257213837415,0.6475830960633676,12.36,10.31,10.703377760331223,58.9,11.1,101.1350406396389,5950,10,61.64141061,0.038,4.93,5.46,0.015,0.1806,3.99,NA,2.25,6.95,6.89,0.3998,0.005,0.0177408,0.4561750836108824,0.00498252186408192,0.9208311200476366,1.3139456187004208,2.17901299044993,0.434969145547549,5.913488133476003,2.9577848717531503,8.9205792270847,0.6327068263307639,59.61875,10.291979166666668,10.638483036804145,12.496145833333332,2.766485693202324,101.15477304259822,12.500520833333333,0.00397935127800959,6.386351683824268,6347.198158431076,0.02099225402817985,-1733.7997249633952,31.382548777272724,-10.828245941796155,0.0870704693125,2.927853124999949e-4,0.026470390550431173,0.02370895981757617,0.02463376312128778,0.02644137591484464,0.4372460637489743,24722.873292899705,24655.836279172265,25291.297014832548,22650.09696777934,-0.8577705350895384,0.0027744868630796655,4.015915602913395,0.9435475885984921,1.1794344857481152,0.7076606914488691,0.23495204628154634,0.2936900578519329,0.17621403471115976,51.215265045454544,0.0017712184159252144,8.662596753436924,42.55266829201762,0.002131791595358469
WB,WB_2020-02-27,2020-02-27,2020-02-27T18:00:00Z,2020-02-27,35.993014,-79.034349,WGS84,run,3.2280484500547293,3.2309961843762136,3.1406137163285615,3.5147538487223913,1.863844949,1167.434909,0.568263345,0.060620967,923.3194579,0.532768842,7.31,0.7053627159170996,0.3998638672720451,0.49622581915457914,10.366666666666667,11.93,11.134331554456622,73.45555555555555,8.3,100.78435637593157,5950,10,61.64141061,0.038,7.71,7.22,0.015,0.1271,5.54,NA,2.87,8.93,3.914,0.2473,0.005,0.005,1.2411844061105608,0.7417043157371724,1.7386042449706487,0.9633920548663896,1.753490593471476,0.16940950759043782,4.399654964296129,2.3204649428531017,6.526591518578475,0.4977715545368632,73.37395833333333,11.18203125,11.071284010356832,10.547916666666667,0.4107617960453586,100.6465959592649,6.251041666666667,0.00397935127800959,5.820894380196617,788.736091051378,0.1114745229760653,389.2492867712038,5.548078434090911,3.460851238848983,0.112701498875,0.0022184064375000007,0.14025756289030514,0.09753435580488469,0.1281171719987672,0.13650186329634922,0.08252014248334053,6626.053252490439,6620.008106203114,6810.522676022149,6085.553029398294,0.27779235124417123,0.020313609516132747,0.39261039016197335,-0.30557158636858833,-0.38196448296073543,-0.22917868977644124,-0.7783074366486411,-0.9728842958108014,-0.5837305774864807,26.53261156818182,0.004390457720799575,-2.7686809910791865,29.301292559261007,0.003975603092488215
WB,WB_2020-03-11,2020-03-11,2020-03-11T20:30:00Z,2020-03-11,35.993014,-79.034349,WGS84,run,1.7400442704683252,1.7478800019791212,1.7073760248455094,1.9097887970510696,3.094778857,822.7789339,0.542133236,0.055364418,814.7049221,0.466766795,7.48,0.6249636449880251,0.23849453939379717,0.4643059414149583,14.4,11.19,10.15999769420202,100.4,23.05,100.4496701890323,5950,10,61.64141061,0.038,10.14,7.82,0.1,0.0521,6.62,NA,3.88,12.83,2.403,0.1361,0.005,0.005,0.791437124907016,0.3200950238974868,1.2199120610074965,0.7202836142139397,1.578672521913946,0,2.12559731057951,0.02469064179751318,4.508764978461564,0.4632351256937029,98.24427083333332,10.833333333333334,10.405056902630369,13.4609375,0.2342803212072336,101.0415959592649,17.6046875,0.00397935127800959,5.288715680160649,14.112403760963437,0.1286788544413335,817.9175293975416,0.18350026818181805,13.383638459467662,0.1899634024375,0.004710402562499997,0.2288505338760134,0.16451211172461438,0.22795574556418846,0.21706001516191795,0.050574817886790135,7533.712227176711,7499.9386579242955,7677.859244534115,6864.106029157661,0.0711535106930763,1.0352213886100596,0.006537361130050183,-0.07826886176238393,-0.0978360772029799,-0.05870164632178794,-11.972546751717097,-14.965683439646371,-8.979410063787823,18.699521224999998,0.010343777053709032,-10.70691076757413,29.406431992574127,0.006577597670174485
WB,WB_2020-03-20,2020-03-20,2020-03-20T19:00:00Z,2020-03-20,35.993014,-79.034349,WGS84,run,1.866265052248448,1.883874028961914,1.8387593662754549,2.120786049877437,5.974688321,1415.1233425,0.4415938235,0.050436547,712.3301463,0.404955705,7.22,NA,0.19934756405728796,0.45371798044914263,20.7909128,10.27,8.938416362561753,108.5,28.9,100.90546974909095,5950,10,61.64141061,0.038,10.46,7.31,0.05,0.0033,6.85,NA,4.11,13.88,3.14,0.1237,0.005,0.005,1.208200513617791,0.6780803733326043,1.7174524321207256,0.876152013188086,1.6967379653700236,0.11836070213445891,1.947183638341556,0.6964221929157367,3.353372946921079,0.4560270266956077,111.0921568627451,9.5025,9.3022576034969,18.9534712375,0.2074655008824828,101.35430429259824,23.856770833333332,0.00397935127800959,11.05622404653707,1323.973850052315,0.06736868355458503,424.6712810978008,15.97257264090909,6.257574890721873,0.370265735875,0.002289882406249999,0.25440810950753934,0.1729743819747729,0.20549572322583606,0.2449029367564018,0.04549412397457825,6318.543510207066,6259.482721734086,6413.061518808966,5560.238825077221,0.3320485004297049,0.023181346186316423,0.6037678582620934,-0.3652533504726754,-0.4565666880908442,-0.27394001285450653,-0.6049565995845381,-0.7561957494806726,-0.4537174496884035,32.161894147727274,0.011610573007525668,-5.0060599125774985,37.16795406030477,0.010046773611930095
WBP,WBP_2019-11-11,2019-11-11,2019-11-11T18:00:00Z,2019-11-11,35.994973,-79.033925,WGS84,pool,1.199291133959269,1.1995414989887725,1.164414954787749,1.305531896218333,20.4832645,7117.406144500001,0.436616859,0.06298339,971.4965581,0.562111999,NA,0.9202743901664354,0.35226802703116733,0.4847292464003705,9.599,6.78,11.37246243201034,91.8,19.4,100.74881996906164,6120,15.6,61.38241308,0.021,9.537200948,12.33627478,NA,0.021508166,NA,NA,NA,NA,4.921,0.17,0.005,0.00569,0.6237878461806659,0,1.5697148127746332,3.683303300447174,6.986028808051409,0.7892463971674009,1.670264180311007,0.35229248698933857,3.4073624125940456,0.4881145819666115,90.61770833333334,6.8620833333333335,11.454376740929192,9.308112395833334,0.3714050624610507,101.13628345926487,12.890104166666667,0.00219911495598649,24.489862088178935,7372.273597919722,-0.1461284177691822,-5995.3855204095735,139.67976332727275,-143.50916898737057,1.276267569375,-0.007843446249999997,0.23729294086020083,0.1848495858917708,0.1904758490864701,0.2577640486034681,0.048775467285783455,10541.728161316038,10539.527920570428,10857.470585114206,9683.869966789965,-3.059515454266508,0.009137097164065758,3.598514245392072,3.365466999693159,4.2068337496164485,2.524100249769869,0.9352379260420235,1.1690474075525294,0.7014284445315176,161.7592305568182,0.007914256434351214,114.80733518989646,46.95189536692175,0.027266290769422726
WBP,WBP_2019-11-20,2019-11-20,2019-11-20T18:00:00Z,2019-11-20,35.994973,-79.033925,WGS84,pool,2.24885988698123,2.249250800788508,2.183233306435778,2.448077616516602,7.4343840845,4179.7385465,0.027964239,0.062752839,966.1971566,0.558823593,7.11,0.9459940650958,0.8588631531214335,0.5459698859807322,9.561,9.13,11.392983268644851,90.6,15,100.86714352592072,6120,15.6,61.38241308,0.021,10.51692952,12.64447129,NA,0,NA,NA,NA,NA,4.429,0.168,0.005,0.00713,0.7403881515184301,0,1.7162752849337553,3.725015781240191,6.104143430953707,1.615472073891263,3.1353764037732357,1.507541935263887,4.98851038804318,0.5467852570979235,90.94479166666666,9.370052083333333,11.52151315901039,9.0651215625,0.8689800673685724,101.14873137593156,9.4515625,0.00219911495598649,16.577765809622434,7228.06054459959,-1.1589898226857809,-5266.943702171734,73.03503158863636,-67.23315861490804,0.46072695284375004,-0.033178709625,0.11361033419772242,0.09064626878255208,0.09495480945788021,-0.030634053815194566,0.10187518728649338,11741.971430734795,11739.930707327992,12094.9274943813,10786.442540262493,-2.984627629721761,0.006308300863601397,3.9521969431982433,3.283090392693937,4.103862990867421,2.4623177945204526,0.8307000991800667,1.0383751239750834,0.62302507438505,94.994057875,0.00489134810824345,53.78652689192643,41.20753098307357,0.011275827359618065
WBP,WBP_2019-11-26,2019-11-26,2019-11-26T20:00:00Z,2019-11-26,35.994973,-79.033925,WGS84,pool,2.7589226891081613,2.7559020272919015,2.6678226461681764,3.0052090753451557,6.255805819000001,3325.898854,0.413134374,0.065249603,1015.553781,0.588785809,7.13,0.9832275470733384,0.958232487095465,0.5540079291442015,8.182,10.13,11.743211576423402,93.2,17.2,101.12209019969757,6120,15.6,61.38241308,0.021,14.1133626,12.33710662,NA,0.051877831,NA,NA,NA,NA,5.18,0.1845,0.005,0.00807,0,0,0.7572007198476082,2.8320507716759393,4.7059655919170025,1.0252945736470311,4.000734377182304,2.4315778387259086,5.706574015852931,0.5549867885670502,94.165625,9.9990625,11.722448739381871,8.285666666666666,0.9723015369385644,100.99503345926487,10.108333333333333,0.00219911495598649,17.079266002521965,6367.084670424556,-0.4686068761249374,-5179.135966915356,52.507842568181815,-53.85581998068345,0.38690976350000006,-0.010978214687499998,0.10306056725080441,0.08042995526410003,0.0860775773437213,0.11670300188841541,0.11230361313564123,10550.89243336786,10562.456951113889,10911.181283571426,9686.213436386271,-2.8320507716759393,0.007368609041546411,3.5336478737734196,3.115255848843533,3.8940698110544165,2.3364418866326497,0.8815977030322761,1.1019971287903452,0.6611982772742071,75.58861031818182,0.005172576424433261,43.08465598454676,32.503954333635065,0.012028932223883484
WBP,WBP_2019-12-03,2019-12-03,2019-12-03T17:45:00Z,2019-12-03,35.994973,-79.033925,WGS84,pool,2.3506569320091453,2.346570709118073,2.2682159788074068,2.5624770020352083,6.661146767,3360.2288425,0.635623911,0.064897850000000007,1014.62939,0.588849616,7.1,0.9660239190326152,0.867437730881331,0.5466944096357087,7.481,9.09695652173913,11.855017660858737,82.1969696969697,9.4,99.80513129421828,6120,15.6,61.38241308,0.021,11.97393025,11.89373621,NA,0.850737486,NA,NA,NA,NA,6.677,1.11,0.00114,0.0115,0.2701711529117519,0,1.1649890486884784,2.9649017461219014,4.878258228550724,1.0156986517341655,3.4782346321598956,1.9260757009060117,5.266820129074878,0.5507901749770746,80.96041666666666,9.282083333333333,11.802297769984666,7.715830198220065,0.922353847470154,100.17138762593156,5.743229166666667,0.00219911495598649,15.505518242003866,5504.114970559889,0.10609420331645156,-6457.9915341161595,53.309078465909096,-78.75670114535416,0.4122655573125,0.002923393437500005,0.10782003708261799,0.08618855166218523,0.09163608306789296,0.10591394425075555,0.10734622605634377,11836.751426769262,11857.363464773509,12266.971952306681,10858.299126862565,-2.6947305932101493,0.007733496229467592,3.0316124477286173,2.964203652531164,3.7052545656639553,2.223152739398373,0.9777647056278721,1.22220588203484,0.733323529220904,76.36883732954546,0.005451460143893459,63.00536091628332,13.363476413262134,0.0311536953456464
WBP,WBP_2019-12-12,2019-12-12,2019-12-12T19:15:00Z,2019-12-12,35.994973,-79.033925,WGS84,pool,2.2531283321610167,2.2474400157996492,2.1682657438413044,2.459457457331596,7.301414772499999,3849.6377755,0.6298948795,0.068289051,1076.30926,0.62580792,7.24,1.0789236870580583,0.8593977616831617,0.546015241442676,6.62,10.77,12.450874143735833,87,6.825,102.54703420716322,6120,15.6,61.38241308,0.021,12.7,11.17,0.1,0.13,7.47,NA,4.15,13.82,4.265,0.2703,0.005,0.005,0.06326308829867164,0,0.9951256081756942,1.871115267909898,3.776282965374224,0,3.41819594485093,1.8341178297432392,5.172553141634464,0.549923307809281,87.03229166666667,10.664375,12.388856717674942,6.811979166666666,0.9069357896052656,102.89722095926489,2.277604166666667,0.00219911495598649,16.297160493194248,6232.889482692937,0.00886161428031687,-4241.2894205676375,63.030193534090905,-53.89005367734195,0.45207035759374997,2.5543496875000266e-4,0.1094804169076503,0.08798085768414428,0.09299610701976721,0.10931205289892379,0.10571821336629651,12161.828739804689,12192.610575545994,12637.824022436625,11141.547019997737,-1.8078521796112264,0.0071722825561251115,3.4276112015321782,1.988637397572349,2.4857967469654363,1.4914780481792618,0.5801817302625827,0.7252271628282283,0.43513629769693696,87.491767625,0.0052157869896647885,43.11204294187356,44.37972468312643,0.010282587973213676
WBP,WBP_2020-01-05,2020-01-05,2020-01-05T19:00:00Z,2020-01-05,35.994973,-79.033925,WGS84,pool,4.810350698579312,4.809589611448964,4.665277765070109,5.236721038631604,3.6725035695,1858.923946,0.415289486,0.063175795,974.4643388,0.56382917,7.19,1.0880581094072816,1.335519537933607,0.5791129151501444,9.2,11.49,11.509825944832857,58.2,9.4,101.02713286067608,6120,15.6,61.38241308,0.021,6.72,6.81,0.015,0.322,4.99,NA,2.62,8.01,8.627,0.5894,0.005,0.0101936,0.5494082952534318,0,1.4427231113606034,2.3670288217917026,4.056490362271794,0.6659669230222689,6.775611814809464,4.449694451948028,9.468541726757522,0.6004815719786394,58.546875,11.085625,11.469436240159112,9.286458333333334,1.9359272379036565,101.20883554259822,6.059375,0.00219911495598649,17.36213238146779,4253.887738535352,-0.6929788849957401,-2009.912396204508,20.10135470909091,-11.994101254972245,0.22558298590625,-0.00928373025,0.05600431757284475,0.044280375982041535,0.04964226178898189,0.06177758246529118,0.206663960488755,11135.840589440984,11137.602765768472,11482.124164129013,10229.167863538296,-1.8176205265382708,0.011222277760425236,2.5543811962563674,1.999382579192098,2.4992282239901225,1.4995369343940734,0.7827267841316479,0.9784084801645597,0.5870450880987358,42.248271499999994,0.005432919855520007,9.595281003977796,32.6529904960222,0.007029416589629413
WBP,WBP_2020-01-29,2020-01-29,2020-01-29T18:15:00Z,2020-01-29,35.994973,-79.033925,WGS84,pool,1.6840382202576063,1.6792971724462886,1.6189580412476463,1.8393639059064897,5.2593260885,2461.2892565,0.8165139205,0.067790858,1072.295758,0.623995675,6.95,0.9851933189003113,0.5204026480728632,0.5106486391877891,6.3,12.23,12.32648811420289,61.4,10,100.7134068574765,6120,15.6,61.38241308,0.021,8.52,8.39,0.015,0.3195,5.55,NA,3.03,9.62,3.666,0.4342,0.005,0.005,0.5160259437704734,0,1.469840661857848,0.7453664615994751,2.306628974418247,0,2.578752656898226,0.9891052738505242,4.320613304826375,0.5167698283409268,61.31346153846154,11.914222756410256,12.30334386588678,6.4165544871794875,0.5698916822981364,101.17732512593156,4.413020833333333,0.00219911495598649,8.742743749975883,2332.532854577328,0.31167896163911357,-715.7353237974077,31.56803405681819,-12.160034671141407,0.32447095190624997,0.012032390343750005,0.16372525928818987,0.12869806478009918,0.14173379198724376,0.15409478819158037,0.0706920491339784,10880.619522236428,10911.33805033145,11318.007427423092,9961.8020537904,-0.22934051782900167,0.01027846559346224,1.2053826028594978,0.25227456961190187,0.3153432120148773,0.18920592720892637,0.20929003705001006,0.2616125463125126,0.15696752778750753,55.93839219318182,0.005876248273208598,9.728027736913125,46.21036445626869,0.007113293400711514
WBP,WBP_2020-02-12,2020-02-12,2020-02-12T15:15:00Z,2020-02-12,35.994973,-79.033925,WGS84,pool,2.1121747898472933,2.118030755239525,2.064966446829684,2.3057398383418164,2.621659738,2588.5416189999996,0.579793152,0.058248682,872.0625259,0.501375142,6.79,1.1620793258075128,3.168782136447183,0.6499146422897536,12.42,10.49,10.689148336589586,51.4,11.25,101.10296175015748,6120,15.6,61.38241308,0.021,4.94,5.45,0.015,0.1793,3.98,NA,2.25,6.97,6.938,0.378,0.005,0.0158896,0.5568198561527221,0,1.5010040328937289,1.0238054078883143,2.611632989215769,0,2.7202177868415127,1.197128103167516,4.538261145106772,0.6350426870011201,52.39479166666667,10.420208333333331,10.627720796086177,12.541041666666668,2.7904464983200414,101.15477304259822,12.500520833333333,0.00219911495598649,5.414372208499028,3635.555509911448,0.1619305594771547,-478.46975232164954,39.01088847954545,-6.4847644610264155,0.160213191,0.004901125625000002,0.04109037217592602,0.037876137768121064,0.03884840672907576,0.040624163616852116,0.28167362477322805,34566.175059072266,34470.605944040755,35356.411554924634,31664.371811230038,-0.4669855517355922,0.004106883930213598,2.308732939755893,0.51368410690915145,0.6421051336364393,0.38526308018186356,0.22249611380494458,0.2781201422561807,0.16687208535370843,58.830491340909084,0.0027851838373319972,5.187811568821132,53.64267977208795,0.0030545404204481686
WBP,WBP_2020-02-27,2020-02-27,2020-02-27T18:30:00Z,2020-02-27,35.994973,-79.033925,WGS84,pool,1.248047843104524,1.2491113240448894,1.2140325541336925,1.3588490190906577,4.332550678,1392.316435,0.651103072,0.060900365,929.2522371,0.536400534,7.32,0.9756062956046396,0.4005137478435046,0.49310659861203177,10.3,11.97,11.145022092148617,64.8,8.850000000000001,100.75935637593156,6120,15.6,61.38241308,0.021,7.27,6.88,0.015,0.1236,5.2,NA,2.77,9.07,3.719,0.2316,0.005,0.005,1.8960282989434425,0.8729243880624247,2.9168398322051186,1.229036099935147,2.960333724722356,0,1.7042013546805754,0.3868335581324745,3.320571857898339,0.49452768953595577,65.21875,11.255520833333334,11.053624089217314,10.611666666666666,0.41035855226172024,100.6465959592649,6.251041666666667,0.00219911495598649,5.331223959636414,578.4187333566537,0.13925261517375687,274.3471926996513,10.52418631590909,6.309273253625625,0.26697814456249996,0.007168908624999998,0.21758952318562189,0.17163509628970053,0.1995511786313012,0.20791398143966403,0.05319223970264613,11047.195511856013,11037.79003962532,11356.720611799647,10146.40209267136,0.6669921990082954,0.025368055690815478,0.28604407979118,-0.7336914189091249,-0.9171142736364062,-0.5502685641818437,-2.5649592868509625,-3.206199108563703,-1.923719465138222,31.64355534090909,0.008557332273751404,-5.0474186029005,36.69097394380959,0.007380137081934454
WBP,WBP_2020-03-11,2020-03-11,2020-03-11T20:45:00Z,2020-03-11,35.994973,-79.033925,WGS84,pool,1.1645659429088884,1.1711544207562727,1.144843550571628,1.2851471064140207,7.5675089245,1332.4552925,0.552251783,0.055111342,809.5069998,0.463621852,7.46,0.9080889481508976,0.23646045167224375,0.4596097351235835,15.78,11.33,9.860909728615614,90.9,22.925,100.4434201890323,6120,15.6,61.38241308,0.021,10.17,7.81,0.1,0.0574,6.62,NA,3.9,13.18,2.354,0.1487,0.005,0.005,1.0986887771573504,0.0265614850404071,2.1861765291513553,1.0724140423940178,2.874425645210676,0,1.372714707750244,0.16468577453460073,2.931590252182379,0.4591111344812384,87.64479166666666,11.023229166666669,10.332312634608778,13.792291666666667,0.23457343487061985,101.0415959592649,17.6046875,0.00219911495598649,8.748682374170567,612.4532048225503,0.10146740489295838,887.9293819478061,11.885188470454546,21.591141626809083,0.46952484890625,0.0055393706875,0.353386418175283,0.25088761660346187,0.3040062434421309,0.3318403293354807,0.032751892768932686,7289.660716423274,7248.651804793935,7415.2407999054485,6605.69561518544,0.02627473476333253,0.0395050402501773,0.28118408568275133,-0.028902208239665782,-0.03612776029958223,-0.021676656179749336,-0.10278749655937136,-0.1284843706992142,-0.0770906224195285,30.283074829545455,0.015618272267378908,-17.272913301447268,47.55598813099272,0.009945525818503834
WBP,WBP_2020-03-20,2020-03-20,2020-03-20T19:15:00Z,2020-03-20,35.994973,-79.033925,WGS84,pool,1.341471668836351,1.354225269660977,1.3216793917180725,1.5254922188286406,9.730411752999998,2254.1864625,0.4182986345,0.051355884,731.3115883,0.416370149,7,NA,0.20039604936180247,0.44956759078368097,20.893374,9.49,8.918216517411388,109.4,29.025,100.85297508171328,6120,15.6,61.38241308,0.021,10.47,7.22,0.02,0.0023,6.82,NA,4.3,14.41,3.099,0.1434,0.005,0.005,1.0606151078704484,0,2.0733089283748307,0.7863227497651162,2.556821713774087,0,1.3962936272207511,0.2965291855300613,2.822811355605566,0.4517904034877423,99.78703703703704,9.630698909830008,9.259074685011456,19.176300504166665,0.2080364875784056,101.35430429259824,23.856770833333332,0.00219911495598649,12.984179229347708,2062.315637173421,0.00254883954257707,566.9098632889263,34.61079259545454,11.613257025579749,0.6049409918124999,1.2053034374999785e-4,0.39211038527870884,0.25742054582447893,0.28858490513868673,0.3911757625631727,0.0295173872169882,5703.3681324631025,5649.655886689151,5788.776623578736,5015.369250797059,0.27429235810533226,0.017478391751477754,0.9317344138376601,-0.3017215939158655,-0.3771519923948319,-0.22629119543689913,-0.3238278949825671,-0.40478486872820885,-0.24287092123692533,51.23151051136363,0.011870638372600908,-9.290605620463799,60.52211613182743,0.010048405003517136
