site,date,datetime,group,CH4.ugL,CO2.ugL,N2O.ugL,CH4.sat,CO2.sat,N2O.sat,pH,level_m.inst,discharge.inst,depth.inst,watertemp_C.inst,DO.obs.inst,DO.sat.inst,spc_uScm.inst,airtemp_C.inst,airpres_kPa.inst,latitude,longitude,CRS,distance_upstream_m,width_march_m,ws_area_km2,slope_wbx,habitat,cl_mgl,so4_mgl,br_mgl,no3n_mgl,na_mgl,k_mgl,mg_mgl,ca_mgl,doc_mgl,tdn_mgl,nh4n_mgl,po4p_mgl,GPP,GPP.lower,GPP.upper,ER,ER.lower,ER.upper,K600,K600_2.5,K600_97.5,depth,spc_uScm,DO.obs,DO.sat,watertemp_C,discharge,airpres_kPa,airtemp_C,sample,slope_mm
NHC,2019-11-11,2019-11-11T19:45:00Z,2019-11-11,7.868301896,3933.653785,0.356738709,0.063485103,981.0013865,0.567838024,NA,0.9326049255780804,0.3253165794819162,0.35332287445556604,8.24,10.06,11.730161211873051,132,20.6,100.80380130488352,35.9795,-79.0018,WGS84,0,10,81.06622487,0.022,run,8.278295807,8.047310712,NA,0.048003512,NA,NA,NA,NA,3.275,0.1147,0.005,0.0117,0.28364420038969457,0,0.5746616824448596,4.069905520187036,6.54491814426201,1.4980180349490544,6.686762556171562,2.2284836047497003,11.102046722863165,0.3557769246648133,131.625,9.7091666666666665,11.745950732524445,8.262083333333333,0.3436207570951134,101.13628345926489,12.890104166666667,NHC_2019-11-11,0.00230383472585434
NHC,2019-11-11,2019-11-11T19:45:00Z,2019-11-11,11.32911163,4535.424103,0.56428272,0.063485103,981.0013865,0.567838024,NA,0.9326049255780804,0.3253165794819162,0.35332287445556604,8.24,10.06,11.730161211873051,132,20.6,100.80380130488352,35.9795,-79.0018,WGS84,0,10,81.06622487,0.022,run,8.278295807,8.047310712,NA,0.048003512,NA,NA,NA,NA,3.275,0.1147,0.005,0.0117,0.28364420038969457,0,0.5746616824448596,4.069905520187036,6.54491814426201,1.4980180349490544,6.686762556171562,2.2284836047497003,11.102046722863165,0.3557769246648133,131.625,9.7091666666666665,11.745950732524445,8.262083333333333,0.3436207570951134,101.13628345926489,12.890104166666667,NHC_2019-11-11,0.00230383472585434
CBP,2019-11-11,2019-11-11T18:30:00Z,2019-11-11,6.344540156,3937.513334,0.540290365,0.065238978,1018.131041,0.590640362,NA,0.4870918762986447,0.34598506607565926,0.29564294575511013,8.05033,10.57,11.798098168238496,99,20,100.78797774802445,35.98549,-79.022675,WGS84,3450,18.3,66.04436851,0.037,pool,12.5150844,13.00590552,NA,0.044629105,NA,NA,NA,NA,3.876,0.1392,0.005,0.00721,0.15347299264169714,0,0.5412078199738857,1.73133000912483,2.775332945972495,0.6946172637662019,5.366803354056029,2.847861184104825,8.038692251980569,0.2981609675738044,99.18645833333333,10.370416666666667,11.775616673384993,8.168920208333333,0.35928347825728396,101.13628345926489,12.890104166666667,CBP_2019-11-11,0.00387463147802864
CBP,2019-11-11,2019-11-11T18:30:00Z,2019-11-11,8.953903405,4664.196773,0.673964853,0.065238978,1018.131041,0.590640362,NA,0.4870918762986447,0.34598506607565926,0.29564294575511013,8.05033,10.57,11.798098168238496,99,20,100.78797774802445,35.98549,-79.022675,WGS84,3450,18.3,66.04436851,0.037,pool,12.5150844,13.00590552,NA,0.044629105,NA,NA,NA,NA,3.876,0.1392,0.005,0.00721,0.15347299264169714,0,0.5412078199738857,1.73133000912483,2.775332945972495,0.6946172637662019,5.366803354056029,2.847861184104825,8.038692251980569,0.2981609675738044,99.18645833333333,10.370416666666667,11.775616673384993,8.168920208333333,0.35928347825728396,101.13628345926489,12.890104166666667,CBP_2019-11-11,0.00387463147802864
WB,2019-11-11,2019-11-11T17:45:00Z,2019-11-11,3.90034087,5303.007829,0.654583177,0.062225047,955.4825799,0.552298732,NA,0.678029091633078,0.34806349698471745,0.4874468405962325,8.98667,8.83,11.544282570511644,99.4,18.85,100.80089885854304,35.993014,-79.034349,WGS84,5950,10,61.64141061,0.038,run,9.28627987,12.55795999,NA,0.062500965,NA,NA,NA,NA,4.698,0.1713,0.005,0.00466,0.7717209343782573,0.35221571629880977,1.1970689438284234,2.614760246809631,4.352320051228277,1.0646704590019744,1.9003030873727853,0.40591937809212764,3.7516553880688517,0.4913550678033648,101.05625,8.962395833333334,11.37406015516013,9.627642395833334,0.3706332762008858,101.13628345926489,12.890104166666667,WB_2019-11-11,0.00397935127800959
WB,2019-11-11,2019-11-11T17:45:00Z,2019-11-11,3.808744222,4848.328648,0.520981882,0.062225047,955.4825799,0.552298732,NA,0.678029091633078,0.34806349698471745,0.4874468405962325,8.98667,8.83,11.544282570511644,99.4,18.85,100.80089885854304,35.993014,-79.034349,WGS84,5950,10,61.64141061,0.038,run,9.28627987,12.55795999,NA,0.062500965,NA,NA,NA,NA,4.698,0.1713,0.005,0.00466,0.7717209343782573,0.35221571629880977,1.1970689438284234,2.614760246809631,4.352320051228277,1.0646704590019744,1.9003030873727853,0.40591937809212764,3.7516553880688517,0.4913550678033648,101.05625,8.962395833333334,11.37406015516013,9.627642395833334,0.3706332762008858,101.13628345926489,12.890104166666667,WB_2019-11-11,0.00397935127800959
WBP,2019-11-11,2019-11-11T18:00:00Z,2019-11-11,21.09560523,7292.548146,0.485362918,0.06298339,971.4965581,0.562111999,NA,0.9202743901664354,0.35226802703116733,0.4847292464003705,9.599,6.78,11.37246243201034,91.8,19.4,100.74881996906163,35.994973,-79.033925,WGS84,6120,15.6,61.38241308,0.021,pool,9.537200948,12.33627478,NA,0.021508166,NA,NA,NA,NA,4.921,0.17,0.005,0.00569,0.6237878461806659,0,1.5697148127746332,3.6833033004471734,6.986028808051409,0.7892463971674009,1.670264180311007,0.35229248698933857,3.4073624125940456,0.4881145819666115,90.61770833333334,6.8620833333333335,11.454376740929193,9.308112395833334,0.3714050624610507,101.13628345926489,12.890104166666667,WBP_2019-11-11,0.00219911495598649
WBP,2019-11-11,2019-11-11T18:00:00Z,2019-11-11,19.87092377,6942.264143,0.3878708,0.06298339,971.4965581,0.562111999,NA,0.9202743901664354,0.35226802703116733,0.4847292464003705,9.599,6.78,11.37246243201034,91.8,19.4,100.74881996906163,35.994973,-79.033925,WGS84,6120,15.6,61.38241308,0.021,pool,9.537200948,12.33627478,NA,0.021508166,NA,NA,NA,NA,4.921,0.17,0.005,0.00569,0.6237878461806659,0,1.5697148127746332,3.6833033004471734,6.986028808051409,0.7892463971674009,1.670264180311007,0.35229248698933857,3.4073624125940456,0.4881145819666115,90.61770833333334,6.8620833333333335,11.454376740929193,9.308112395833334,0.3714050624610507,101.13628345926489,12.890104166666667,WBP_2019-11-11,0.00219911495598649
UNHC,2019-11-11,2019-11-11T19:00:00Z,2019-11-11,14.07507761,5400.32887,0.684072297,0.064528423,1004.329239,0.582278176,NA,0.5201776938855135,0.36747679691801094,0.2816953504864305,8.3,7.74,11.720091133167209,144.9,20.6,100.60716485640998,35.9925,-79.046,WGS84,8450,13.8,58.01544528,0.018,run,10.94690444,11.72112953,NA,0.181355084,NA,NA,NA,NA,2.895,0.2587,0.005,0.00578,0.07035421351502327,0,0.4976834416769831,6.457051979274431,10.419057598641027,2.365864425407446,6.9642084220276095,2.308483425802679,11.425481947156497,0.28425452275000385,144.9,7.85875,11.730410013499817,8.322291666666667,0.3819830741444876,101.13628345926489,12.890104166666667,UNHC_2019-11-11,0.00188495565416643
UNHC,2019-11-11,2019-11-11T19:00:00Z,2019-11-11,14.18530149,5204.638806,0.642340827,0.064528423,1004.329239,0.582278176,NA,0.5201776938855135,0.36747679691801094,0.2816953504864305,8.3,7.74,11.720091133167209,144.9,20.6,100.60716485640998,35.9925,-79.046,WGS84,8450,13.8,58.01544528,0.018,run,10.94690444,11.72112953,NA,0.181355084,NA,NA,NA,NA,2.895,0.2587,0.005,0.00578,0.07035421351502327,0,0.4976834416769831,6.457051979274431,10.419057598641027,2.365864425407446,6.9642084220276095,2.308483425802679,11.425481947156497,0.28425452275000385,144.9,7.85875,11.730410013499817,8.322291666666667,0.3819830741444876,101.13628345926489,12.890104166666667,UNHC_2019-11-11,0.00188495565416643
MC751,2019-11-11,2019-11-11T20:15:00Z,2019-11-11,95.94167632,12495.76994,0.263611129,0.063153962,975.0056931,0.564254836,NA,NA,NA,NA,9,4.83,11.555023923444976,154.8,20.450000000000003,100.66423574695791,36.0087,-78.9683,WGS84,NA,4,3.574165825,0.01,pool,13.3215945,7.729963971,NA,0.032881168,NA,NA,NA,NA,4.666,0.1516,0.005,0.00652,NA,NA,NA,NA,NA,NA,NA,NA,NA,NA,154.8,4.83,11.555023923444976,9,NA,NA,NA,MC751_2019-11-11,NA
MC751,2019-11-11,2019-11-11T20:15:00Z,2019-11-11,87.4978272,11857.49528,0.278392936,0.063153962,975.0056931,0.564254836,NA,NA,NA,NA,9,4.83,11.555023923444976,154.8,20.450000000000003,100.66423574695791,36.0087,-78.9683,WGS84,NA,4,3.574165825,0.01,pool,13.3215945,7.729963971,NA,0.032881168,NA,NA,NA,NA,4.666,0.1516,0.005,0.00652,NA,NA,NA,NA,NA,NA,NA,NA,NA,NA,154.8,4.83,11.555023923444976,9,NA,NA,NA,MC751_2019-11-11,NA
NHC,2019-11-20,2019-11-20T19:15:00Z,2019-11-20,4.160848344,2402.795629,0.098399078,0.062698239,963.617264,0.55711081,7.07,1.0616054202795333,0.7951779086781474,0.3960994519307542,9.26,10.41,11.473546614401524,129,15.6,101.0741984186017,35.9795,-79.0018,WGS84,0,10,81.06622487,0.022,run,10.58106995,10.42768998,0.005,5e-4,6.65099528,1.6433728,4.03089525,4.06502066,3.507,0.1062,0.005,0.005,0.28960677313220107,0,0.5964958160642119,1.7495171423293776,2.9507118875811487,0.5525418610555894,4.8778907461584735,1.1886184408694296,8.365675100259546,0.39784180859359003,129.23958333333334,10.505208333333334,11.500753882740314,9.139895833333334,0.8247523504696368,101.14873137593156,9.4515625,NHC_2019-11-20,0.00230383472585434
NHC,2019-11-20,2019-11-20T19:15:00Z,2019-11-20,4.114107863,2440.794972,0.097851415,0.062698239,963.617264,0.55711081,7.07,1.0616054202795333,0.7951779086781474,0.3960994519307542,9.26,10.41,11.473546614401524,129,15.6,101.0741984186017,35.9795,-79.0018,WGS84,0,10,81.06622487,0.022,run,10.58106995,10.42768998,0.005,5e-4,6.65099528,1.6433728,4.03089525,4.06502066,3.507,0.1062,0.005,0.005,0.28960677313220107,0,0.5964958160642119,1.7495171423293776,2.9507118875811487,0.5525418610555894,4.8778907461584735,1.1886184408694296,8.365675100259546,0.39784180859359003,129.23958333333334,10.505208333333334,11.500753882740314,9.139895833333334,0.8247523504696368,101.14873137593156,9.4515625,NHC_2019-11-20,0.00230383472585434
PM,2019-11-20,2019-11-20T16:45:00Z,2019-11-20,5.587116681,2460.495081,0.113715352,0.062673398,963.2354822,0.556890084,7.24,1.136818728866227,0.8387308436138009,0.3880372430253297,9.023,10.33,11.54431188144166,97.4,14.275,101.07795108491285,35.987235,-79.008397,WGS84,1570,18.5,68.63434374,0.042,pool,10.64530774,13.10655809,NA,0.035755663,NA,NA,NA,NA,3.768,0.1173,0.005,0.00939,0.32834657573258175,0,0.8636450523597476,4.383319875605702,6.102687415815679,2.663470260222654,10.307785754897115,6.679255692003861,14.166721521887979,0.38770222944503147,98.03541666666666,10.25953125,11.476087905356229,9.229574270833334,0.8358805658175856,101.14873137593156,9.4515625,PM_2019-11-20,0.00439823050281498
CBP,2019-11-20,2019-11-20T18:30:00Z,2019-11-20,2.581070251,2613.897751,0.081065104,0.062852711,967.7348709,0.559712967,7.18,0.5426452201919565,0.8412349765529235,0.3620901618490297,9.34633,10.37,11.450784484136577,85.7,15.3,100.94463286067608,35.98549,-79.022675,WGS84,3450,18.3,66.04436851,0.037,pool,10.41619253,11.7564827,NA,0.026882222,NA,NA,NA,NA,3.609,0.1187,0.005,0.00487,0.2356143402548937,0,0.635916297436407,4.032151282233414,5.36476777304547,2.800609828186633,10.405006183049185,7.765683757906944,13.244023023269342,0.36282709733365315,85.73541666666667,10.318958333333333,11.548849496730428,8.968711302083333,0.849568833348289,101.14873137593156,9.4515625,CBP_2019-11-20,0.00387463147802864
CBP,2019-11-20,2019-11-20T18:30:00Z,2019-11-20,4.536144231,2808.292906,0.030563193,0.062852711,967.7348709,0.559712967,7.18,0.5426452201919565,0.8412349765529235,0.3620901618490297,9.34633,10.37,11.450784484136577,85.7,15.3,100.94463286067608,35.98549,-79.022675,WGS84,3450,18.3,66.04436851,0.037,pool,10.41619253,11.7564827,NA,0.026882222,NA,NA,NA,NA,3.609,0.1187,0.005,0.00487,0.2356143402548937,0,0.635916297436407,4.032151282233414,5.36476777304547,2.800609828186633,10.405006183049185,7.765683757906944,13.244023023269342,0.36282709733365315,85.73541666666667,10.318958333333333,11.548849496730428,8.968711302083333,0.849568833348289,101.14873137593156,9.4515625,CBP_2019-11-20,0.00387463147802864
WB,2019-11-20,2019-11-20T17:30:00Z,2019-11-20,2.621545402,2913.398022,-0.010183643,0.062673398,963.2354822,0.556890084,7.2,0.6696067144841504,0.8607957222309055,0.5476723359427466,8.83033,10.04,11.595577244052013,97.4,14.7,101.06795108491283,35.993014,-79.034349,WGS84,5950,10,61.64141061,0.038,run,10.10415359,12.42694528,NA,0.033381081,NA,NA,NA,NA,4.175,0.1488,0.005,0.00649,0.7082235678644118,0.28171986612689076,1.1562452336469673,4.365720236458076,6.562380713720596,2.2667176811994825,5.293568956634044,2.6757628495981285,8.001311792194914,0.5481994310242891,98.70416666666667,9.981510416666666,11.533703353329651,9.025820989583334,0.8677430300493516,101.14873137593156,9.4515625,WB_2019-11-20,0.00397935127800959
WB,2019-11-20,2019-11-20T17:30:00Z,2019-11-20,2.530774109,2507.873178,0.300174496,0.062673398,963.2354822,0.556890084,7.2,0.6696067144841504,0.8607957222309055,0.5476723359427466,8.83033,10.04,11.595577244052013,97.4,14.7,101.06795108491283,35.993014,-79.034349,WGS84,5950,10,61.64141061,0.038,run,10.10415359,12.42694528,NA,0.033381081,NA,NA,NA,NA,4.175,0.1488,0.005,0.00649,0.7082235678644118,0.28171986612689076,1.1562452336469673,4.365720236458076,6.562380713720596,2.2667176811994825,5.293568956634044,2.6757628495981285,8.001311792194914,0.5481994310242891,98.70416666666667,9.981510416666666,11.533703353329651,9.025820989583334,0.8677430300493516,101.14873137593156,9.4515625,WB_2019-11-20,0.00397935127800959
WBP,2019-11-20,2019-11-20T18:00:00Z,2019-11-20,6.701684877,3982.066929,-0.020070049,0.062752839,966.1971566,0.558823593,7.11,0.9459940650958,0.8588631531214335,0.5459698859807322,9.561,9.13,11.392983268644851,90.6,15,100.86714352592071,35.994973,-79.033925,WGS84,6120,15.6,61.38241308,0.021,pool,10.51692952,12.64447129,NA,0,NA,NA,NA,NA,4.429,0.168,0.005,0.00713,0.7403881515184301,0,1.7162752849337553,3.725015781240191,6.104143430953707,1.615472073891263,3.1353764037732357,1.507541935263887,4.98851038804318,0.5467852570979235,90.94479166666666,9.370052083333333,11.52151315901039,9.0651215625,0.8689800673685724,101.14873137593156,9.4515625,WBP_2019-11-20,0.00219911495598649
WBP,2019-11-20,2019-11-20T18:00:00Z,2019-11-20,8.167083292,4377.410164,0.055928478,0.062752839,966.1971566,0.558823593,7.11,0.9459940650958,0.8588631531214335,0.5459698859807322,9.561,9.13,11.392983268644851,90.6,15,100.86714352592071,35.994973,-79.033925,WGS84,6120,15.6,61.38241308,0.021,pool,10.51692952,12.64447129,NA,0,NA,NA,NA,NA,4.429,0.168,0.005,0.00713,0.7403881515184301,0,1.7162752849337553,3.725015781240191,6.104143430953707,1.615472073891263,3.1353764037732357,1.507541935263887,4.98851038804318,0.5467852570979235,90.94479166666666,9.370052083333333,11.52151315901039,9.0651215625,0.8689800673685724,101.14873137593156,9.4515625,WBP_2019-11-20,0.00219911495598649
UNHC,2019-11-20,2019-11-20T18:30:00Z,2019-11-20,16.20256281,5706.638404,-0.049307515,0.062897059,969.291002,0.560724309,6.89,0.6257246793822885,0.8774528089810406,0.34679835414164184,9.3,7.7,11.463451052690434,92.11428571428571,15.3,100.85131197012815,35.9925,-79.046,WGS84,8450,13.8,58.01544528,0.018,run,4.44691428,5.83554962,0.005,0.02316432,2.6250164,0.6435082,1.58632325,1.09122898,2.171,0.09697,0.00139252,0.005,0,0,0.4402360740047233,5.277519734726382,8.632463190421046,2.086160119027689,5.550800182824453,2.0283872207033418,9.261975550951385,0.3475778519699024,92.11428571428571,8.1353125,11.442217373884288,9.353270833333333,0.8859401487453842,101.14873137593156,9.4515625,UNHC_2019-11-20,0.00188495565416643
UNHC,2019-11-20,2019-11-20T18:30:00Z,2019-11-20,9.69008529,5477.559829,-0.052901222,0.062897059,969.291002,0.560724309,6.89,0.6257246793822885,0.8774528089810406,0.34679835414164184,9.3,7.7,11.463451052690434,92.11428571428571,15.3,100.85131197012815,35.9925,-79.046,WGS84,8450,13.8,58.01544528,0.018,run,4.44691428,5.83554962,0.005,0.02316432,2.6250164,0.6435082,1.58632325,1.09122898,2.171,0.09697,0.00139252,0.005,0,0,0.4402360740047233,5.277519734726382,8.632463190421046,2.086160119027689,5.550800182824453,2.0283872207033418,9.261975550951385,0.3475778519699024,92.11428571428571,8.1353125,11.442217373884288,9.353270833333333,0.8859401487453842,101.14873137593156,9.4515625,UNHC_2019-11-20,0.00188495565416643
MC751,2019-11-20,2019-11-20T19:00:00Z,2019-11-20,40.24149306,5766.025945,-0.220918045,0.061868585,947.4411324,0.547327478,7.01,NA,NA,NA,9.9,6.23,11.225225225225225,127.6,15.6,100.91546974909096,36.0087,-78.9683,WGS84,NA,4,3.574165825,0.01,pool,10.84524608,10.39600933,NA,0.029131827,NA,NA,NA,NA,4.517,0.1613,4.44e-4,0.00666,NA,NA,NA,NA,NA,NA,NA,NA,NA,NA,127.6,6.23,11.225225225225225,9.9,NA,NA,NA,MC751_2019-11-20,NA
MC751,2019-11-20,2019-11-20T19:00:00Z,2019-11-20,40.67432086,5746.797712,-0.01260746,0.061868585,947.4411324,0.547327478,7.01,NA,NA,NA,9.9,6.23,11.225225225225225,127.6,15.6,100.91546974909096,36.0087,-78.9683,WGS84,NA,4,3.574165825,0.01,pool,10.84524608,10.39600933,NA,0.029131827,NA,NA,NA,NA,4.517,0.1613,4.44e-4,0.00666,NA,NA,NA,NA,NA,NA,NA,NA,NA,NA,127.6,6.23,11.225225225225225,9.9,NA,NA,NA,MC751_2019-11-20,NA
PM,2019-11-26,2019-11-26T18:30:00Z,2019-11-26,1.616136775,1916.52803,0.181534382,0.065078812,1011.984885,0.58659778,7.14,1.1090581517462603,1.1766468866309678,0.4117820916916896,8.380666666666666,11.29,11.694727863170648,101.9,17.8,101.15209019969754,35.987235,-79.008397,WGS84,1570,18.5,68.63434374,0.042,pool,13.12872003,14.93202971,NA,0.02638231,NA,NA,NA,NA,4.641,0.1529,0.005,0.0074,0.225603714760723,0,0.7318638666037971,3.0474128829091525,4.169928429430666,1.8973771354489044,13.617411081870749,10.024298535247976,17.16985709856086,0.4138454105394933,101.021875,11.166145833333333,11.788051565409425,8.062833333333334,1.211920725213585,100.99503345926489,10.108333333333333,PM_2019-11-26,0.00439823050281498
PM,2019-11-26,2019-11-26T18:30:00Z,2019-11-26,2.236877184,2256.634455,0.351555807,0.065078812,1011.984885,0.58659778,7.14,1.1090581517462603,1.1766468866309678,0.4117820916916896,8.380666666666666,11.29,11.694727863170648,101.9,17.8,101.15209019969754,35.987235,-79.008397,WGS84,1570,18.5,68.63434374,0.042,pool,13.12872003,14.93202971,NA,0.02638231,NA,NA,NA,NA,4.641,0.1529,0.005,0.0074,0.225603714760723,0,0.7318638666037971,3.0474128829091525,4.169928429430666,1.8973771354489044,13.617411081870749,10.024298535247976,17.16985709856086,0.4138454105394933,101.021875,11.166145833333333,11.788051565409425,8.062833333333334,1.211920725213585,100.99503345926489,10.108333333333333,PM_2019-11-26,0.00439823050281498
CBP,2019-11-26,2019-11-26T18:30:00Z,2019-11-26,2.145198633,2732.623597,0.394842657,0.065593615,1022.745731,0.593196539,7.19,0.6592434923978459,1.089999508298409,0.38414049906057246,7.582,11.28,11.924255684347004,96.9,17.8,101.15209019969754,35.98549,-79.022675,WGS84,3450,18.3,66.04436851,0.037,pool,14.15083184,13.86311605,NA,0.023382837,NA,NA,NA,NA,4.651,0.1559,0.005,1.14,0.34949208411020716,0,0.7272826620743442,3.234787036532979,4.182129912634514,2.284259529939205,10.86970033209548,8.156339955117527,13.42967829833763,0.38693919238028746,96.73958333333333,10.9840625,11.904696201179036,7.659645833333333,1.126342443875604,100.99503345926489,10.108333333333333,CBP_2019-11-26,0.00387463147802864
CBP,2019-11-26,2019-11-26T18:30:00Z,2019-11-26,2.088111281,2608.917629,0.324831898,0.065593615,1022.745731,0.593196539,7.19,0.6592434923978459,1.089999508298409,0.38414049906057246,7.582,11.28,11.924255684347004,96.9,17.8,101.15209019969754,35.98549,-79.022675,WGS84,3450,18.3,66.04436851,0.037,pool,14.15083184,13.86311605,NA,0.023382837,NA,NA,NA,NA,4.651,0.1559,0.005,1.14,0.34949208411020716,0,0.7272826620743442,3.234787036532979,4.182129912634514,2.284259529939205,10.86970033209548,8.156339955117527,13.42967829833763,0.38693919238028746,96.73958333333333,10.9840625,11.904696201179036,7.659645833333333,1.126342443875604,100.99503345926489,10.108333333333333,CBP_2019-11-26,0.00387463147802864
WB,2019-11-26,2019-11-26T19:45:00Z,2019-11-26,2.449745625,2689.08725,0.305566098,0.06374105,984.069491,0.569500233,7.29,0.6901577419824926,0.9489577871840736,0.5545861807207985,8.978,11.01,11.520133275732093,105.5,17.35,101.12584019969755,35.993014,-79.034349,WGS84,5950,10,61.64141061,0.038,run,13.04364642,11.78143789,NA,0.045004039,NA,NA,NA,NA,5.046,0.1849,0.005,0.00714,0.313177667248035,0,0.7367066595724828,2.83189088008827,4.328444476274827,1.3243264639268808,6.018478635367881,2.8325127644258847,8.951779001061915,0.5568548490610067,103.521875,10.716979166666667,11.737583996141238,8.234447916666667,0.9808593653036576,100.99503345926489,10.108333333333333,WB_2019-11-26,0.00397935127800959
WB,2019-11-26,2019-11-26T19:45:00Z,2019-11-26,2.766914934,2904.645129,0.425512622,0.06374105,984.069491,0.569500233,7.29,0.6901577419824926,0.9489577871840736,0.5545861807207985,8.978,11.01,11.520133275732093,105.5,17.35,101.12584019969755,35.993014,-79.034349,WGS84,5950,10,61.64141061,0.038,run,13.04364642,11.78143789,NA,0.045004039,NA,NA,NA,NA,5.046,0.1849,0.005,0.00714,0.313177667248035,0,0.7367066595724828,2.83189088008827,4.328444476274827,1.3243264639268808,6.018478635367881,2.8325127644258847,8.951779001061915,0.5568548490610067,103.521875,10.716979166666667,11.737583996141238,8.234447916666667,0.9808593653036576,100.99503345926489,10.108333333333333,WB_2019-11-26,0.00397935127800959
WBP,2019-11-26,2019-11-26T20:00:00Z,2019-11-26,7.351841849,3808.164002,0.379439398,0.065249603,1015.553781,0.588785809,7.13,0.9832275470733384,0.958232487095465,0.5540079291442015,8.182,10.13,11.743211576423402,93.2,17.2,101.12209019969755,35.994973,-79.033925,WGS84,6120,15.6,61.38241308,0.021,pool,14.1133626,12.33710662,NA,0.051877831,NA,NA,NA,NA,5.18,0.1845,0.005,0.00807,0,0,0.7572007198476082,2.8320507716759393,4.7059655919170025,1.0252945736470311,4.000734377182304,2.4315778387259086,5.706574015852931,0.5549867885670502,94.165625,9.9990625,11.722448739381871,8.285666666666666,0.9723015369385645,100.99503345926489,10.108333333333333,WBP_2019-11-26,0.00219911495598649
WBP,2019-11-26,2019-11-26T20:00:00Z,2019-11-26,5.159769789,2843.633706,0.44682935,0.065249603,1015.553781,0.588785809,7.13,0.9832275470733384,0.958232487095465,0.5540079291442015,8.182,10.13,11.743211576423402,93.2,17.2,101.12209019969755,35.994973,-79.033925,WGS84,6120,15.6,61.38241308,0.021,pool,14.1133626,12.33710662,NA,0.051877831,NA,NA,NA,NA,5.18,0.1845,0.005,0.00807,0,0,0.7572007198476082,2.8320507716759393,4.7059655919170025,1.0252945736470311,4.000734377182304,2.4315778387259086,5.706574015852931,0.5549867885670502,94.165625,9.9990625,11.722448739381871,8.285666666666666,0.9723015369385645,100.99503345926489,10.108333333333333,WBP_2019-11-26,0.00219911495598649
MC751,2019-11-26,2019-11-26T20:30:00Z,2019-11-26,36.74496724,5946.98375,0.212054342,0.063577336,980.6579681,0.56741283,7.01,NA,NA,NA,9.1,8.53,11.253298153034299,135.8,16.95,101.14459019969755,36.0087,-78.9683,WGS84,NA,4,3.574165825,0.01,pool,11.19321864,16.0333851,NA,0.032006322,NA,NA,NA,NA,4.666,0.185,0.005,0.00824,NA,NA,NA,NA,NA,NA,NA,NA,NA,NA,135.8,8.53,11.253298153034299,9.1,NA,NA,NA,MC751_2019-11-26,NA
MC751,2019-11-26,2019-11-26T20:30:00Z,2019-11-26,40.13091067,6096.064419,0.242439364,0.063577336,980.6579681,0.56741283,7.01,NA,NA,NA,9.1,8.53,11.253298153034299,135.8,16.95,101.14459019969755,36.0087,-78.9683,WGS84,NA,4,3.574165825,0.01,pool,11.19321864,16.0333851,NA,0.032006322,NA,NA,NA,NA,4.666,0.185,0.005,0.00824,NA,NA,NA,NA,NA,NA,NA,NA,NA,NA,135.8,8.53,11.253298153034299,9.1,NA,NA,NA,MC751_2019-11-26,NA
PM,2019-12-03,2019-12-03T18:30:00Z,2019-12-03,1.245420668,1245.80205,0.302243393,0.064934428,1014.289405,0.588531899,7.33,1.0177485537125994,1.016663240309067,0.40135839104667625,7.682,11.57,11.792118474012216,82.33333333333334,9.7,99.94635996372901,35.987235,-79.008397,WGS84,1570,18.5,68.63434374,0.042,pool,11.61735819,10.12690927,NA,0.12798946,NA,NA,NA,NA,5.7,0.3426,0.005,0.00823,0.5814654532399566,0.07643138103031827,1.0775111862902125,3.1439524008686064,4.289548699229054,2.02281310740783,13.435195521742287,9.953171336336066,17.277787744428686,0.4053591944118733,82.28541666666666,11.20125,11.802738701747478,7.668895833333333,1.0812635854354387,100.17138762593156,5.743229166666667,PM_2019-12-03,0.00439823050281498
PM,2019-12-03,2019-12-03T18:30:00Z,2019-12-03,1.014686625,1617.783944,0.0315925,0.064934428,1014.289405,0.588531899,7.33,1.0177485537125994,1.016663240309067,0.40135839104667625,7.682,11.57,11.792118474012216,82.33333333333334,9.7,99.94635996372901,35.987235,-79.008397,WGS84,1570,18.5,68.63434374,0.042,pool,11.61735819,10.12690927,NA,0.12798946,NA,NA,NA,NA,5.7,0.3426,0.005,0.00823,0.5814654532399566,0.07643138103031827,1.0775111862902125,3.1439524008686064,4.289548699229054,2.02281310740783,13.435195521742287,9.953171336336066,17.277787744428686,0.4053591944118733,82.28541666666666,11.20125,11.802738701747478,7.668895833333333,1.0812635854354387,100.17138762593156,5.743229166666667,PM_2019-12-03,0.00439823050281498
CBP,2019-12-03,2019-12-03T16:15:00Z,2019-12-03,2.328463726,2512.818812,0.20388255,0.065548052,1029.406894,0.598040661,7.02,0.6403975929774484,0.982811602609423,0.3751730220997813,7.0985,11.215,11.988124363281036,78.05000000000001,8.575000000000001,99.72098684681126,35.98549,-79.022675,WGS84,3450,18.3,66.04436851,0.037,pool,11.92233326,10.6992148,NA,0.280212717,NA,NA,NA,NA,5.821,0.4894,0.005,0.00834,0.41262164209188995,0.04451117141012382,0.7739837707070054,2.6900301588777036,3.5862832368245,1.776494370904265,10.870691052373854,8.076407883544574,13.810988434583377,0.37833390004300227,79.72552083333333,11.06828125,11.858904674422124,7.477005208333333,1.0245101077159098,100.17138762593156,5.743229166666667,CBP_2019-12-03,0.00387463147802864
CBP,2019-12-03,2019-12-03T16:15:00Z,2019-12-03,2.372439397,2376.641819,0.156968737,0.065548052,1029.406894,0.598040661,7.02,0.6403975929774484,0.982811602609423,0.3751730220997813,7.0985,11.215,11.988124363281036,78.05000000000001,8.575000000000001,99.72098684681126,35.98549,-79.022675,WGS84,3450,18.3,66.04436851,0.037,pool,11.92233326,10.6992148,NA,0.280212717,NA,NA,NA,NA,5.821,0.4894,0.005,0.00834,0.41262164209188995,0.04451117141012382,0.7739837707070054,2.6900301588777036,3.5862832368245,1.776494370904265,10.870691052373854,8.076407883544574,13.810988434583377,0.37833390004300227,79.72552083333333,11.06828125,11.858904674422124,7.477005208333333,1.0245101077159098,100.17138762593156,5.743229166666667,CBP_2019-12-03,0.00387463147802864
WB,2019-12-03,2019-12-03T17:30:00Z,2019-12-03,2.181590926,2371.918612,0.516278319,0.064073393,997.2470881,0.57817217,7.18,0.730160510617084,0.8663396591256514,0.5481248782484426,7.9801712846347606,11.07251256281407,11.716408368228011,92.36216216216216,9.4,99.83637862790712,35.993014,-79.034349,WGS84,5950,10,61.64141061,0.038,run,11.8108469,11.76230558,NA,0.813494029,NA,NA,NA,NA,6.471,1.076,0.00199,0.00792,0.9092395237470478,0.4423531147001969,1.3611637231220879,3.9060292087635773,5.454589873607272,2.3248674126303523,7.429862399130865,4.5023801900181,10.292803692113864,0.5526063471983028,90.00104166666667,10.931000837520939,11.756343644399124,7.883793319689336,0.9280291953954962,100.17138762593156,5.743229166666667,WB_2019-12-03,0.00397935127800959
WB,2019-12-03,2019-12-03T17:30:00Z,2019-12-03,1.971203394,2285.284578,0.390080107,0.064073393,997.2470881,0.57817217,7.18,0.730160510617084,0.8663396591256514,0.5481248782484426,7.9801712846347606,11.07251256281407,11.716408368228011,92.36216216216216,9.4,99.83637862790712,35.993014,-79.034349,WGS84,5950,10,61.64141061,0.038,run,11.8108469,11.76230558,NA,0.813494029,NA,NA,NA,NA,6.471,1.076,0.00199,0.00792,0.9092395237470478,0.4423531147001969,1.3611637231220879,3.9060292087635773,5.454589873607272,2.3248674126303523,7.429862399130865,4.5023801900181,10.292803692113864,0.5526063471983028,90.00104166666667,10.931000837520939,11.756343644399124,7.883793319689336,0.9280291953954962,100.17138762593156,5.743229166666667,WB_2019-12-03,0.00397935127800959
WBP,2019-12-03,2019-12-03T17:45:00Z,2019-12-03,6.699244996,3311.796162,0.613668426,0.064897850000000007,1014.62939,0.588849616,7.1,0.9660239190326152,0.867437730881331,0.5466944096357087,7.481,9.09695652173913,11.855017660858737,82.1969696969697,9.4,99.80513129421828,35.994973,-79.033925,WGS84,6120,15.6,61.38241308,0.021,pool,11.97393025,11.89373621,NA,0.850737486,NA,NA,NA,NA,6.677,1.11,0.00114,0.0115,0.2701711529117519,0,1.1649890486884784,2.9649017461219014,4.878258228550724,1.0156986517341655,3.4782346321598956,1.9260757009060117,5.266820129074878,0.5507901749770746,80.96041666666666,9.282083333333333,11.802297769984666,7.715830198220065,0.922353847470154,100.17138762593156,5.743229166666667,WBP_2019-12-03,0.00219911495598649
WBP,2019-12-03,2019-12-03T17:45:00Z,2019-12-03,6.623048538,3408.661523,0.657579396,0.064897850000000007,1014.62939,0.588849616,7.1,0.9660239190326152,0.867437730881331,0.5466944096357087,7.481,9.09695652173913,11.855017660858737,82.1969696969697,9.4,99.80513129421828,35.994973,-79.033925,WGS84,6120,15.6,61.38241308,0.021,pool,11.97393025,11.89373621,NA,0.850737486,NA,NA,NA,NA,6.677,1.11,0.00114,0.0115,0.2701711529117519,0,1.1649890486884784,2.9649017461219014,4.878258228550724,1.0156986517341655,3.4782346321598956,1.9260757009060117,5.266820129074878,0.5507901749770746,80.96041666666666,9.282083333333333,11.802297769984666,7.715830198220065,0.922353847470154,100.17138762593156,5.743229166666667,WBP_2019-12-03,0.00219911495598649
MC751,2019-12-03,2019-12-03T19:15:00Z,2019-12-03,26.64094061,5446.839706,0.327325699,0.064941347,1015.309437,0.589244287,7.05,NA,NA,NA,7.6,8.7,11.756756756756756,123.1,10,99.80721018369968,36.0087,-78.9683,WGS84,NA,4,3.574165825,0.01,pool,10.54979189,12.48600588,NA,0.057751799,NA,NA,NA,NA,5.407,0.2266,0.00381,0.00907,NA,NA,NA,NA,NA,NA,NA,NA,NA,NA,123.1,8.7,11.756756756756756,7.6,NA,NA,NA,MC751_2019-12-03,NA
MC751,2019-12-03,2019-12-03T19:15:00Z,2019-12-03,28.18550156,5495.256111,0.303906375,0.064941347,1015.309437,0.589244287,7.05,NA,NA,NA,7.6,8.7,11.756756756756756,123.1,10,99.80721018369968,36.0087,-78.9683,WGS84,NA,4,3.574165825,0.01,pool,10.54979189,12.48600588,NA,0.057751799,NA,NA,NA,NA,5.407,0.2266,0.00381,0.00907,NA,NA,NA,NA,NA,NA,NA,NA,NA,NA,123.1,8.7,11.756756756756756,7.6,NA,NA,NA,MC751_2019-12-03,NA
NHC,2019-12-04,2019-12-04T17:00:00Z,2019-12-03,3.11624644,1842.556625,0.259928342,0.064216075,1000.367049,0.580098798,7.1575,1.1353761960344677,1.2639946319299868,0.4202825549968818,6.877,11.63,12.003438237916928,119,11.1,99.67888129421829,35.9795,-79.0018,WGS84,0,10,81.06622487,0.022,run,11.63645185,9.45237852,0.06725069,0.20813434,6.83991728,7.9985053,3.08110875,6.06864214,5.116,0.4047,0.005,0.005,0.5173162471961722,0.17848983107695285,0.8471129027821156,2.5237563712391387,3.6976157420341735,1.4453504961074208,9.685332896953618,5.574137525798461,13.583884268232676,0.4198760961271872,116.85416666666667,11.359166666666667,11.905345564888389,7.20803125,1.2546985855461545,99.89925220926489,7.61875,NHC_2019-12-03,0.00230383472585434
NHC,2019-12-04,2019-12-04T17:00:00Z,2019-12-03,2.860177168,1781.884775,0.189839614,0.064216075,1000.367049,0.580098798,7.1575,1.1353761960344677,1.2639946319299868,0.4202825549968818,6.877,11.63,12.003438237916928,119,11.1,99.67888129421829,35.9795,-79.0018,WGS84,0,10,81.06622487,0.022,run,11.63645185,9.45237852,0.06725069,0.20813434,6.83991728,7.9985053,3.08110875,6.06864214,5.116,0.4047,0.005,0.005,0.5173162471961722,0.17848983107695285,0.8471129027821156,2.5237563712391387,3.6976157420341735,1.4453504961074208,9.685332896953618,5.574137525798461,13.583884268232676,0.4198760961271872,116.85416666666667,11.359166666666667,11.905345564888389,7.20803125,1.2546985855461545,99.89925220926489,7.61875,NHC_2019-12-03,0.00230383472585434
UNHC,2019-12-04,2019-12-04T17:00:00Z,2019-12-03,3.882611467,2742.341618,0.674568158,0.064216075,1000.367049,0.580098798,7.1575,0.5792477429268167,0.6099671874570972,0.3179456107426091,6.877,9.91,12.003438237916928,83.7356162981163,11.1,99.67888129421829,35.9925,-79.046,WGS84,8450,13.8,58.01544528,0.018,run,4.81701687,3.98507902,0.005,0.18998888,2.74613072,3.2591356,1.43715475,3.67716212,2.955,0.2497,0.005,0.005,0.7349615312650044,0.31371346338238915,1.1434528886212192,3.067451882201498,4.801574754667597,1.4702743202647623,4.914041015937398,1.981814989938726,7.978535434165846,0.3197828352002614,83.7356162981163,9.879270833333333,11.890285474975117,7.26028125,0.6260933393478527,99.89925220926489,7.61875,UNHC_2019-12-03,0.00188495565416643
UNHC,2019-12-04,2019-12-04T17:00:00Z,2019-12-03,4.260861754,3078.255853,0.949657415,0.064216075,1000.367049,0.580098798,7.1575,0.5792477429268167,0.6099671874570972,0.3179456107426091,6.877,9.91,12.003438237916928,83.7356162981163,11.1,99.67888129421829,35.9925,-79.046,WGS84,8450,13.8,58.01544528,0.018,run,4.81701687,3.98507902,0.005,0.18998888,2.74613072,3.2591356,1.43715475,3.67716212,2.955,0.2497,0.005,0.005,0.7349615312650044,0.31371346338238915,1.1434528886212192,3.067451882201498,4.801574754667597,1.4702743202647623,4.914041015937398,1.981814989938726,7.978535434165846,0.3197828352002614,83.7356162981163,9.879270833333333,11.890285474975117,7.26028125,0.6260933393478527,99.89925220926489,7.61875,UNHC_2019-12-03,0.00188495565416643
PM,2019-12-12,2019-12-12T17:30:00Z,2019-12-12,2.897558343,2268.397106,0.540172617,0.069214828,1093.838881,0.636398788,7.15,0.955519264829821,1.1463711382925177,0.4099031892143976,6.6355,11.665,12.466985182121824,91.3,5.85,102.9053311009107,35.987235,-79.008397,WGS84,1570,18.5,68.63434374,0.042,pool,13.24,10.91,0.015,0.0661,7.54,NA,3.98,12.95,4.546,0.2113,0.005,0.005,0.11190737973336656,0,0.5818215737834069,2.9311355790213223,4.157522363976344,1.7401267149379995,12.760127556644882,9.086102510270104,16.406515336175534,0.41135566429197123,91.42083333333333,11.63046875,12.505571841886582,6.435057291666666,1.170488928808744,102.89722095926489,2.277604166666667,PM_2019-12-12,0.00439823050281498
PM,2019-12-12,2019-12-12T17:30:00Z,2019-12-12,3.021374833,2297.659856,0.513027576,0.069214828,1093.838881,0.636398788,7.15,0.955519264829821,1.1463711382925177,0.4099031892143976,6.6355,11.665,12.466985182121824,91.3,5.85,102.9053311009107,35.987235,-79.008397,WGS84,1570,18.5,68.63434374,0.042,pool,13.24,10.91,0.015,0.0661,7.54,NA,3.98,12.95,4.546,0.2113,0.005,0.005,0.11190737973336656,0,0.5818215737834069,2.9311355790213223,4.157522363976344,1.7401267149379995,12.760127556644882,9.086102510270104,16.406515336175534,0.41135566429197123,91.42083333333333,11.63046875,12.505571841886582,6.435057291666666,1.170488928808744,102.89722095926489,2.277604166666667,PM_2019-12-12,0.00439823050281498
CBP,2019-12-12,2019-12-12T18:30:00Z,2019-12-12,1.884113029,2617.418975,0.515212424,0.070538037,1122.766122,0.654331822,7.29,0.5482212448820578,1.0346110277362954,0.3795961388500664,5.6,12.34,12.785685018700171,88,6.4,102.70451820929627,35.98549,-79.022675,WGS84,3450,18.3,66.04436851,0.037,pool,14.41,11.29,0.1,0.0888,7.9,NA,4.17,13.55,4.317,0.2295,0.005,0.005,0.5309440295824857,0.14356574197633412,0.9141403364391676,2.6431851909404536,3.5725049093574226,1.7400740621116564,10.66094919367388,7.968671933918545,13.441714595699706,0.38299217257986345,87.52604166666667,11.910104166666667,12.768791476030556,5.614895833333334,1.0763628078723158,102.89722095926489,2.277604166666667,CBP_2019-12-12,0.00387463147802864
CBP,2019-12-12,2019-12-12T18:30:00Z,2019-12-12,1.700267518,2490.737859,0.59795789,0.070538037,1122.766122,0.654331822,7.29,0.5482212448820578,1.0346110277362954,0.3795961388500664,5.6,12.34,12.785685018700171,88,6.4,102.70451820929627,35.98549,-79.022675,WGS84,3450,18.3,66.04436851,0.037,pool,14.41,11.29,0.1,0.0888,7.9,NA,4.17,13.55,4.317,0.2295,0.005,0.005,0.5309440295824857,0.14356574197633412,0.9141403364391676,2.6431851909404536,3.5725049093574226,1.7400740621116564,10.66094919367388,7.968671933918545,13.441714595699706,0.38299217257986345,87.52604166666667,11.910104166666667,12.768791476030556,5.614895833333334,1.0763628078723158,102.89722095926489,2.277604166666667,CBP_2019-12-12,0.00387463147802864
WB,2019-12-12,2019-12-12T19:00:00Z,2019-12-12,2.4172947,2312.033303,0.681773019,0.066522216,1039.090977,0.602922778,7.46,0.7142275418101454,0.8758520971595328,0.5488955163216217,7.74,11.876666666666669,12.11276224613295,98.8157894736842,6.7,102.58369731874834,35.993014,-79.034349,WGS84,5950,10,61.64141061,0.038,run,12.47,11.08,0.1,0.1246,7.38,NA,4.11,13.68,4.217,0.2713,0.005,0.005,1.0189582851295946,0.5318815117343574,1.500997270409088,4.151248767791765,5.7989242418063105,2.3963970553296736,7.40367486732492,4.473593938319379,10.224023048210602,0.5520664250216073,98.02091557017543,11.279270833333333,12.389364445110731,6.810208333333334,0.9163484019533059,102.89722095926489,2.277604166666667,WB_2019-12-12,0.00397935127800959
WB,2019-12-12,2019-12-12T19:00:00Z,2019-12-12,1.768255445,2224.11165,0.735198254,0.066522216,1039.090977,0.602922778,7.46,0.7142275418101454,0.8758520971595328,0.5488955163216217,7.74,11.876666666666669,12.11276224613295,98.8157894736842,6.7,102.58369731874834,35.993014,-79.034349,WGS84,5950,10,61.64141061,0.038,run,12.47,11.08,0.1,0.1246,7.38,NA,4.11,13.68,4.217,0.2713,0.005,0.005,1.0189582851295946,0.5318815117343574,1.500997270409088,4.151248767791765,5.7989242418063105,2.3963970553296736,7.40367486732492,4.473593938319379,10.224023048210602,0.5520664250216073,98.02091557017543,11.279270833333333,12.389364445110731,6.810208333333334,0.9163484019533059,102.89722095926489,2.277604166666667,WB_2019-12-12,0.00397935127800959
WBP,2019-12-12,2019-12-12T19:15:00Z,2019-12-12,6.999524391,3838.246663,0.572933393,0.068289051,1076.30926,0.62580792,7.24,1.0789236870580583,0.8593977616831617,0.546015241442676,6.62,10.77,12.450874143735833,87,6.825,102.54703420716322,35.994973,-79.033925,WGS84,6120,15.6,61.38241308,0.021,pool,12.7,11.17,0.1,0.13,7.47,NA,4.15,13.82,4.265,0.2703,0.005,0.005,0.06326308829867164,0,0.9951256081756942,1.8711152679098981,3.776282965374224,0,3.41819594485093,1.8341178297432394,5.172553141634464,0.549923307809281,87.03229166666667,10.664375,12.388856717674942,6.811979166666666,0.9069357896052657,102.89722095926489,2.277604166666667,WBP_2019-12-12,0.00219911495598649
WBP,2019-12-12,2019-12-12T19:15:00Z,2019-12-12,7.603305154,3861.028888,0.686856366,0.068289051,1076.30926,0.62580792,7.24,1.0789236870580583,0.8593977616831617,0.546015241442676,6.62,10.77,12.450874143735833,87,6.825,102.54703420716322,35.994973,-79.033925,WGS84,6120,15.6,61.38241308,0.021,pool,12.7,11.17,0.1,0.13,7.47,NA,4.15,13.82,4.265,0.2703,0.005,0.005,0.06326308829867164,0,0.9951256081756942,1.8711152679098981,3.776282965374224,0,3.41819594485093,1.8341178297432394,5.172553141634464,0.549923307809281,87.03229166666667,10.664375,12.388856717674942,6.811979166666666,0.9069357896052657,102.89722095926489,2.277604166666667,WBP_2019-12-12,0.00219911495598649
MC751,2019-12-12,2019-12-12T19:45:00Z,2019-12-12,23.89892698,5318.878152,0.627968667,0.069674934,1105.063625,0.643469992,7.08,NA,NA,NA,6,10.2,12.546125461254613,110.7,7.075,102.58036043033346,36.0087,-78.9683,WGS84,NA,4,3.574165825,0.01,pool,8.17,10.14,0.015,0.017,6.95,NA,4.15,13.48,4.938,0.1942,0.005,0.005,NA,NA,NA,NA,NA,NA,NA,NA,NA,NA,110.7,10.2,12.546125461254613,6,NA,NA,NA,MC751_2019-12-12,NA
MC751,2019-12-12,2019-12-12T19:45:00Z,2019-12-12,25.41400046,5678.399909,0.702227496,0.069674934,1105.063625,0.643469992,7.08,NA,NA,NA,6,10.2,12.546125461254613,110.7,7.075,102.58036043033346,36.0087,-78.9683,WGS84,NA,4,3.574165825,0.01,pool,8.17,10.14,0.015,0.017,6.95,NA,4.15,13.48,4.938,0.1942,0.005,0.005,NA,NA,NA,NA,NA,NA,NA,NA,NA,NA,110.7,10.2,12.546125461254613,6,NA,NA,NA,MC751_2019-12-12,NA
PM,2020-01-05,2020-01-05T19:45:00Z,2020-01-05,1.00078649,1538.190597,0.196510315,0.063401662,977.9482553,0.565844978,7.33,1.1033919593583028,1.0392237176139634,0.4029068433609929,9.28,11.2,11.48354348878016,65.1,10.3,101.18835886387566,35.987235,-79.008397,WGS84,1570,18.5,68.63434374,0.042,pool,7,6.85,0.015,0.2463,5.09,NA,2.58,7.98,8.767,0.5549,0.005588,0.005,0.2423631785036036,0,0.7363696635130674,2.5891800654579304,3.7669406478926732,1.372930125701314,13.274383839677396,9.062387211916821,17.96419586264726,0.42435058945684356,64.42083333333333,10.954791666666667,11.461133883649111,9.317291666666666,1.5290148199935387,101.20883554259822,6.059375,PM_2020-01-05,0.00439823050281498
PM,2020-01-05,2020-01-05T19:45:00Z,2020-01-05,0.919747792,1302.956498,0.29250641,0.063401662,977.9482553,0.565844978,7.33,1.1033919593583028,1.0392237176139634,0.4029068433609929,9.28,11.2,11.48354348878016,65.1,10.3,101.18835886387566,35.987235,-79.008397,WGS84,1570,18.5,68.63434374,0.042,pool,7,6.85,0.015,0.2463,5.09,NA,2.58,7.98,8.767,0.5549,0.005588,0.005,0.2423631785036036,0,0.7363696635130674,2.5891800654579304,3.7669406478926732,1.372930125701314,13.274383839677396,9.062387211916821,17.96419586264726,0.42435058945684356,64.42083333333333,10.954791666666667,11.461133883649111,9.317291666666666,1.5290148199935387,101.20883554259822,6.059375,PM_2020-01-05,0.00439823050281498
CBP,2020-01-05,2020-01-05T18:15:00Z,2020-01-05,1.696407656,1846.686559,0.352168116,0.063489441,980.1850062,0.567252206,7.1,1.1916774377677406,1.28732437863139,0.399006028702414,9.1,11.2,11.544316503979314,60.1,9.4,101.17711686280913,35.98549,-79.022675,WGS84,3450,18.3,66.04436851,0.037,pool,6.91,6.7,0.015,0.2737,5.04,NA,2.53,7.26,8.738,0.539,0.005,0.005,0.6420270540620054,0.24648478223249626,1.0286160099720356,2.795871999883562,3.7375084669192455,1.871780590413159,11.626631685047922,8.696424538729149,14.638226309006514,0.4166720897409332,60.45520833333333,10.895624999999999,11.475442881442016,9.265208333333334,1.6971456651959609,101.20883554259822,6.059375,CBP_2020-01-05,0.00387463147802864
CBP,2020-01-05,2020-01-05T18:15:00Z,2020-01-05,1.536953608,1591.359396,0.319511132,0.063489441,980.1850062,0.567252206,7.1,1.1916774377677406,1.28732437863139,0.399006028702414,9.1,11.2,11.544316503979314,60.1,9.4,101.17711686280913,35.98549,-79.022675,WGS84,3450,18.3,66.04436851,0.037,pool,6.91,6.7,0.015,0.2737,5.04,NA,2.53,7.26,8.738,0.539,0.005,0.005,0.6420270540620054,0.24648478223249626,1.0286160099720356,2.795871999883562,3.7375084669192455,1.871780590413159,11.626631685047922,8.696424538729149,14.638226309006514,0.4166720897409332,60.45520833333333,10.895624999999999,11.475442881442016,9.265208333333334,1.6971456651959609,101.20883554259822,6.059375,CBP_2020-01-05,0.00387463147802864
WB,2020-01-05,2020-01-05T18:45:00Z,2020-01-05,2.573076323,1946.24296,0.5208627,0.063217622,975.1095085,0.564202468,7.21,0.965883506012054,1.3656532569476143,0.5811777629702987,9.24,11.38,11.50111998174527,62.9,9.4,101.07046175015749,35.993014,-79.034349,WGS84,5950,10,61.64141061,0.038,run,6.68,6.77,0.015,0.3117,4.98,NA,2.62,8.03,8.852,0.5999,0.005,0.0112616,0.7417927804546257,0.26804210833238545,1.1706300825232085,2.442186607730868,3.4416631078828868,1.3165889409079512,7.137078714542621,4.290813773384906,10.185242898740967,0.5994657747628407,63.91770833333333,10.969583333333333,11.47746868734891,9.257083333333334,1.9207239167949266,101.20883554259822,6.059375,WB_2020-01-05,0.00397935127800959
WB,2020-01-05,2020-01-05T18:45:00Z,2020-01-05,2.285995122,2072.53541,0.368917162,0.063217622,975.1095085,0.564202468,7.21,0.965883506012054,1.3656532569476143,0.5811777629702987,9.24,11.38,11.50111998174527,62.9,9.4,101.07046175015749,35.993014,-79.034349,WGS84,5950,10,61.64141061,0.038,run,6.68,6.77,0.015,0.3117,4.98,NA,2.62,8.03,8.852,0.5999,0.005,0.0112616,0.7417927804546257,0.26804210833238545,1.1706300825232085,2.442186607730868,3.4416631078828868,1.3165889409079512,7.137078714542621,4.290813773384906,10.185242898740967,0.5994657747628407,63.91770833333333,10.969583333333333,11.47746868734891,9.257083333333334,1.9207239167949266,101.20883554259822,6.059375,WB_2020-01-05,0.00397935127800959
WBP,2020-01-05,2020-01-05T19:00:00Z,2020-01-05,3.648610983,1846.8185,0.456965722,0.063175795,974.4643388,0.56382917,7.19,1.0880581094072816,1.335519537933607,0.5791129151501444,9.2,11.49,11.509825944832857,58.2,9.4,101.02713286067609,35.994973,-79.033925,WGS84,6120,15.6,61.38241308,0.021,pool,6.72,6.81,0.015,0.322,4.99,NA,2.62,8.01,8.627,0.5894,0.005,0.0101936,0.5494082952534318,0,1.4427231113606034,2.3670288217917026,4.056490362271794,0.6659669230222689,6.775611814809464,4.449694451948028,9.468541726757522,0.6004815719786394,58.546875,11.085625,11.469436240159112,9.286458333333334,1.9359272379036563,101.20883554259822,6.059375,WBP_2020-01-05,0.00219911495598649
WBP,2020-01-05,2020-01-05T19:00:00Z,2020-01-05,3.696396156,1871.029392,0.37361325,0.063175795,974.4643388,0.56382917,7.19,1.0880581094072816,1.335519537933607,0.5791129151501444,9.2,11.49,11.509825944832857,58.2,9.4,101.02713286067609,35.994973,-79.033925,WGS84,6120,15.6,61.38241308,0.021,pool,6.72,6.81,0.015,0.322,4.99,NA,2.62,8.01,8.627,0.5894,0.005,0.0101936,0.5494082952534318,0,1.4427231113606034,2.3670288217917026,4.056490362271794,0.6659669230222689,6.775611814809464,4.449694451948028,9.468541726757522,0.6004815719786394,58.546875,11.085625,11.469436240159112,9.286458333333334,1.9359272379036563,101.20883554259822,6.059375,WBP_2020-01-05,0.00219911495598649
MC751,2020-01-05,2020-01-05T20:15:00Z,2020-01-05,17.01923253,4393.542166,1.174723983,0.063422345,979.1491436,0.566652732,7.05,NA,NA,NA,9,10.64,11.552660152008688,84,10.45,101.07129063963889,36.0087,-78.9683,WGS84,NA,4,3.574165825,0.01,pool,6.97,8.44,0.015,0.2197,5.89,NA,3.3,10.57,7.062,0.4502,0.005,0.01176,NA,NA,NA,NA,NA,NA,NA,NA,NA,NA,84,10.64,11.552660152008688,9,NA,NA,NA,MC751_2020-01-05,NA
MC751,2020-01-05,2020-01-05T20:15:00Z,2020-01-05,16.29915003,3896.060165,0.96102234,0.063422345,979.1491436,0.566652732,7.05,NA,NA,NA,9,10.64,11.552660152008688,84,10.45,101.07129063963889,36.0087,-78.9683,WGS84,NA,4,3.574165825,0.01,pool,6.97,8.44,0.015,0.2197,5.89,NA,3.3,10.57,7.062,0.4502,0.005,0.01176,NA,NA,NA,NA,NA,NA,NA,NA,NA,NA,84,10.64,11.552660152008688,9,NA,NA,NA,MC751_2020-01-05,NA
PM,2020-01-29,2020-01-29T16:30:00Z,2020-01-29,1.102012466,1629.716053,0.690961887,0.068037888,1075.239077,0.625577365,6.58,0.9318559141006484,0.5356918403930316,0.3586853175215837,6.380421052631579,11.906,12.329582972959686,69.38315789473685,7.5,101.13711419649798,35.987235,-79.008397,WGS84,1570,18.5,68.63434374,0.042,pool,8.83,8.31,0.015,0.3203,5.74,NA,2.97,9.08,3.979,0.416,0.14465,0.011404,0.3720524544493686,0,0.9015831215004702,1.506220086171273,2.60197198017182,0.4190693073145682,8.477205623806299,4.824431586086575,12.24806453266418,0.3585947602375743,69.35444078947368,11.705416666666666,12.27749329414569,6.549133771929825,0.5358378626411205,101.17732512593156,4.413020833333333,PM_2020-01-29,0.00439823050281498
PM,2020-01-29,2020-01-29T16:30:00Z,2020-01-29,1.124821142,1713.993279,0.754291964,0.068037888,1075.239077,0.625577365,6.58,0.9318559141006484,0.5356918403930316,0.3586853175215837,6.380421052631579,11.906,12.329582972959686,69.38315789473685,7.5,101.13711419649798,35.987235,-79.008397,WGS84,1570,18.5,68.63434374,0.042,pool,8.83,8.31,0.015,0.3203,5.74,NA,2.97,9.08,3.979,0.416,0.14465,0.011404,0.3720524544493686,0,0.9015831215004702,1.506220086171273,2.60197198017182,0.4190693073145682,8.477205623806299,4.824431586086575,12.24806453266418,0.3585947602375743,69.35444078947368,11.705416666666666,12.27749329414569,6.549133771929825,0.5358378626411205,101.17732512593156,4.413020833333333,PM_2020-01-29,0.00439823050281498
CBP,2020-01-29,2020-01-29T17:30:00Z,2020-01-29,1.457126429,1748.729048,0.759702638,0.067822266,1071.831479,0.623594814,6.93,1.1346830860745367,0.5228679279553178,0.3248551903972952,6.38,12.16,12.313026256777643,65.6,9.15,100.91963552698724,35.98549,-79.022675,WGS84,3450,18.3,66.04436851,0.037,pool,8.83,8.36,0.08,0.2955,5.68,NA,2.99,9.22,3.801,0.4099,0.005,0.005,0.594504206122112,0.20764507784874414,0.9769112218379147,1.4849039501801626,2.263281920563154,0.6994212123294732,7.165180549220873,4.790566196267668,9.461915090680405,0.32850698697169356,65.22083333333333,11.462708333333333,12.25411803630739,6.565625,0.5499084518620414,101.17732512593156,4.413020833333333,CBP_2020-01-29,0.00387463147802864
CBP,2020-01-29,2020-01-29T17:30:00Z,2020-01-29,1.503242857,1916.243119,0.725027439,0.067822266,1071.831479,0.623594814,6.93,1.1346830860745367,0.5228679279553178,0.3248551903972952,6.38,12.16,12.313026256777643,65.6,9.15,100.91963552698724,35.98549,-79.022675,WGS84,3450,18.3,66.04436851,0.037,pool,8.83,8.36,0.08,0.2955,5.68,NA,2.99,9.22,3.801,0.4099,0.005,0.005,0.594504206122112,0.20764507784874414,0.9769112218379147,1.4849039501801626,2.263281920563154,0.6994212123294732,7.165180549220873,4.790566196267668,9.461915090680405,0.32850698697169356,65.22083333333333,11.462708333333333,12.25411803630739,6.565625,0.5499084518620414,101.17732512593156,4.413020833333333,CBP_2020-01-29,0.00387463147802864
WB,2020-01-29,2020-01-29T18:00:00Z,2020-01-29,2.301087205,2257.116985,0.76362757,0.067303399,1061.726068,0.617457345,7.06,0.7101760413771845,0.5258953832174875,0.514029413778929,6.56,12.355,12.247042712906238,68.5,10,100.76381730275048,35.993014,-79.034349,WGS84,5950,10,61.64141061,0.038,run,8.44,8.35,0.07,0.3164,5.56,NA,3.02,9.37,3.741,0.4241,0.005,0.005,0.5015884760715854,0.07879549002356961,0.9047449773390408,0.2992858407132039,1.0138060415138133,0,3.8412950004047417,1.512502192729507,6.365086654003509,0.5191151461857428,68.33020833333333,12.03140625,12.239881378675456,6.612291666666667,0.5686193417834786,101.17732512593156,4.413020833333333,WB_2020-01-29,0.00397935127800959
WB,2020-01-29,2020-01-29T18:00:00Z,2020-01-29,2.533582474,2342.823969,0.94858909,0.067303399,1061.726068,0.617457345,7.06,0.7101760413771845,0.5258953832174875,0.514029413778929,6.56,12.355,12.247042712906238,68.5,10,100.76381730275048,35.993014,-79.034349,WGS84,5950,10,61.64141061,0.038,run,8.44,8.35,0.07,0.3164,5.56,NA,3.02,9.37,3.741,0.4241,0.005,0.005,0.5015884760715854,0.07879549002356961,0.9047449773390408,0.2992858407132039,1.0138060415138133,0,3.8412950004047417,1.512502192729507,6.365086654003509,0.5191151461857428,68.33020833333333,12.03140625,12.239881378675456,6.612291666666667,0.5686193417834786,101.17732512593156,4.413020833333333,WB_2020-01-29,0.00397935127800959
WBP,2020-01-29,2020-01-29T18:15:00Z,2020-01-29,5.325067637,2514.096806,0.830165091,0.067790858,1072.295758,0.623995675,6.95,0.9851933189003113,0.5204026480728632,0.5106486391877891,6.3,12.23,12.32648811420289,61.4,10,100.7134068574765,35.994973,-79.033925,WGS84,6120,15.6,61.38241308,0.021,pool,8.52,8.39,0.015,0.3195,5.55,NA,3.03,9.62,3.666,0.4342,0.005,0.005,0.5160259437704734,0,1.469840661857848,0.7453664615994751,2.306628974418247,0,2.5787526568982266,0.9891052738505242,4.320613304826375,0.5167698283409268,61.31346153846154,11.914222756410256,12.30334386588678,6.4165544871794875,0.5698916822981364,101.17732512593156,4.413020833333333,WBP_2020-01-29,0.00219911495598649
WBP,2020-01-29,2020-01-29T18:15:00Z,2020-01-29,5.19358454,2408.481707,0.80286275,0.067790858,1072.295758,0.623995675,6.95,0.9851933189003113,0.5204026480728632,0.5106486391877891,6.3,12.23,12.32648811420289,61.4,10,100.7134068574765,35.994973,-79.033925,WGS84,6120,15.6,61.38241308,0.021,pool,8.52,8.39,0.015,0.3195,5.55,NA,3.03,9.62,3.666,0.4342,0.005,0.005,0.5160259437704734,0,1.469840661857848,0.7453664615994751,2.306628974418247,0,2.5787526568982266,0.9891052738505242,4.320613304826375,0.5167698283409268,61.31346153846154,11.914222756410256,12.30334386588678,6.4165544871794875,0.5698916822981364,101.17732512593156,4.413020833333333,WBP_2020-01-29,0.00219911495598649
UNHC,2020-01-29,2020-01-29T17:45:00Z,2020-01-29,3.948105976,2102.540698,0.781370135,0.067130552,1058.050066,0.615191317,7.72,0.5624649449329483,0.5310660991284459,0.3075969106653762,7.073333333333333,11.73,12.097881394519664,66.2207894736842,9.575,100.79173308064675,35.9925,-79.046,WGS84,8450,13.8,58.01544528,0.018,run,8.84040874,8.26972046,0.07259141,0.33684576,5.40002528,0.8260072,2.634809,2.36669896,3.872,0.4784,0.005,0.005,0.47602412736109656,0.05268536829837906,0.8975840993714392,2.0287784968908733,3.14797509645561,0.9535545198744104,8.12106953189039,4.483469484594165,11.997659771752739,0.31497015032384684,66.2207894736842,11.347708333333333,12.200741606361518,6.745833333333334,0.5873302317049159,101.17732512593156,4.413020833333333,UNHC_2020-01-29,0.00188495565416643
UNHC,2020-01-29,2020-01-29T17:45:00Z,2020-01-29,4.114467305,2054.063025,0.794480396,0.067130552,1058.050066,0.615191317,7.72,0.5624649449329483,0.5310660991284459,0.3075969106653762,7.073333333333333,11.73,12.097881394519664,66.2207894736842,9.575,100.79173308064675,35.9925,-79.046,WGS84,8450,13.8,58.01544528,0.018,run,8.84040874,8.26972046,0.07259141,0.33684576,5.40002528,0.8260072,2.634809,2.36669896,3.872,0.4784,0.005,0.005,0.47602412736109656,0.05268536829837906,0.8975840993714392,2.0287784968908733,3.14797509645561,0.9535545198744104,8.12106953189039,4.483469484594165,11.997659771752739,0.31497015032384684,66.2207894736842,11.347708333333333,12.200741606361518,6.745833333333334,0.5873302317049159,101.17732512593156,4.413020833333333,UNHC_2020-01-29,0.00188495565416643
NHC,2020-01-30,2020-01-30T18:30:00Z,2020-01-29,2.260156319,1290.077957,0.739243125,0.067607211,1066.518777,0.620244593,7.52,0.9718479637270624,0.4323118919950087,0.3664056286030283,7.1,12.96,12.13006882243467,91.17669172932331,9.45,101.18545375122402,35.9795,-79.0018,WGS84,0,10,81.06622487,0.022,run,8.72250504,7.80768964,0.05590166,0.26731168,5.45455736,0.7923814,2.410884,7.0742246,3.814,0.3827,0.005,0.005,0.7040804154230361,0.3197212979688084,1.0894052940775223,0.10239242787498014,0.6880914130500585,0,10.600895158569513,6.562954547938619,14.728506135014614,0.3688111681038115,91.29887218045113,12.4378125,12.236643174559294,6.769166666666667,0.45568608399541627,101.5376897092649,5.078645833333333,NHC_2020-01-29,0.00230383472585434
MC751,2020-01-30,2020-01-30T15:15:00Z,2020-01-29,33.52679121,5756.89545,1.370735365,0.068893805,1092.674696,0.636256015,6.86,NA,NA,NA,6,10.2,12.469437652811736,156.2,5.725,101.38960353125334,36.0087,-78.9683,WGS84,NA,4,3.574165825,0.01,pool,NA,NA,NA,NA,NA,NA,NA,NA,NA,NA,NA,NA,NA,NA,NA,NA,NA,NA,NA,NA,NA,NA,156.2,10.2,12.469437652811736,6,NA,NA,NA,MC751_2020-01-29,NA
NHC,2020-02-12,2020-02-12T14:30:00Z,2020-02-12,1.836932499,2172.083016,0.860591427,0.058815366,882.1441497,0.507361495,7.41,1.2053312770769236,1.909331005643962,0.4430440289332683,12.52,10.74,10.663997919825944,68.0187969924812,11.1,101.34459553231986,35.9795,-79.0018,WGS84,0,10,81.06622487,0.022,run,5.50833515,5.75652318,0.005,0.17528626,4.12454648,0.7801669,1.9344405,5.62169332,6.109,0.361,0.005,0.0119312,0.42764675621133225,0.06087178346628359,0.8236526426915782,0.06280571527243432,0.5578666221706204,0,12.682324358704783,7.372133426435421,18.14339511165965,0.4427637594595895,66.71522556390977,10.6503125,10.603917573628614,12.640625,1.9283192354057987,101.15477304259822,12.500520833333333,NHC_2020-02-12,0.00230383472585434
NHC,2020-02-12,2020-02-12T14:30:00Z,2020-02-12,1.215899893,1627.47585,0.516152272,0.058815366,882.1441497,0.507361495,7.41,1.2053312770769236,1.909331005643962,0.4430440289332683,12.52,10.74,10.663997919825944,68.0187969924812,11.1,101.34459553231986,35.9795,-79.0018,WGS84,0,10,81.06622487,0.022,run,5.50833515,5.75652318,0.005,0.17528626,4.12454648,0.7801669,1.9344405,5.62169332,6.109,0.361,0.005,0.0119312,0.42764675621133225,0.06087178346628359,0.8236526426915782,0.06280571527243432,0.5578666221706204,0,12.682324358704783,7.372133426435421,18.14339511165965,0.4427637594595895,66.71522556390977,10.6503125,10.603917573628614,12.640625,1.9283192354057987,101.15477304259822,12.500520833333333,NHC_2020-02-12,0.00230383472585434
PM,2020-02-12,2020-02-12T14:00:00Z,2020-02-12,0.668683493,1566.902299,0.501849693,0.058449087,875.0628733,0.503100133,7.05,1.1232667343014042,2.289418536569827,0.4627899793753962,12.44,10.37,10.681653170025326,56,11.1,101.26377197546077,35.987235,-79.008397,WGS84,1570,18.5,68.63434374,0.042,pool,5.45,5.88,0.015,0.1793,4.33,NA,2.34,7.4,6.063,0.3664,0.019907,0.0148216,0.2317575434122379,0,0.7723539163979073,1.1094567420859167,2.1189769066890505,0.11193614596588536,8.275970330342384,4.48015012371995,12.302408687021742,0.45596518769787914,55.02760416666667,10.319583333333334,10.625025453408574,12.5521875,2.149156855673471,101.15477304259822,12.500520833333333,PM_2020-02-12,0.00439823050281498
PM,2020-02-12,2020-02-12T14:00:00Z,2020-02-12,0.732649221,1553.414434,0.506184489,0.058449087,875.0628733,0.503100133,7.05,1.1232667343014042,2.289418536569827,0.4627899793753962,12.44,10.37,10.681653170025326,56,11.1,101.26377197546077,35.987235,-79.008397,WGS84,1570,18.5,68.63434374,0.042,pool,5.45,5.88,0.015,0.1793,4.33,NA,2.34,7.4,6.063,0.3664,0.019907,0.0148216,0.2317575434122379,0,0.7723539163979073,1.1094567420859167,2.1189769066890505,0.11193614596588536,8.275970330342384,4.48015012371995,12.302408687021742,0.45596518769787914,55.02760416666667,10.319583333333334,10.625025453408574,12.5521875,2.149156855673471,101.15477304259822,12.500520833333333,PM_2020-02-12,0.00439823050281498
CBP,2020-02-12,2020-02-12T17:00:00Z,2020-02-12,1.031261755,1733.502797,0.492173952,0.058333469,873.3319036,0.502104946,6.89,1.2308620564874682,2.4090873439783707,0.4603461956933138,12.492,10.272,10.66763663020041,56.22,12.2,101.16378530701657,35.98549,-79.022675,WGS84,3450,18.3,66.04436851,0.037,pool,5.19,5.66,0.015,0.1737,4.14,NA,2.3,7.11,6.638,0.4062,0.005,0.0140384,0.28198079546158744,0,0.6928281070107563,1.4154025798872663,2.1888110450744653,0.6334179786545533,8.792985852629782,6.192102419058511,11.7430212478922,0.4575553858014925,56.81041666666667,10.1578125,10.62946373533762,12.533541666666666,2.4141473931316746,101.15477304259822,12.500520833333333,CBP_2020-02-12,0.00387463147802864
CBP,2020-02-12,2020-02-12T17:00:00Z,2020-02-12,0.99057569,1763.672113,0.496632194,0.058333469,873.3319036,0.502104946,6.89,1.2308620564874682,2.4090873439783707,0.4603461956933138,12.492,10.272,10.66763663020041,56.22,12.2,101.16378530701657,35.98549,-79.022675,WGS84,3450,18.3,66.04436851,0.037,pool,5.19,5.66,0.015,0.1737,4.14,NA,2.3,7.11,6.638,0.4062,0.005,0.0140384,0.28198079546158744,0,0.6928281070107563,1.4154025798872663,2.1888110450744653,0.6334179786545533,8.792985852629782,6.192102419058511,11.7430212478922,0.4575553858014925,56.81041666666667,10.1578125,10.62946373533762,12.533541666666666,2.4141473931316746,101.15477304259822,12.500520833333333,CBP_2020-02-12,0.00387463147802864
WB,2020-02-12,2020-02-12T14:45:00Z,2020-02-12,1.475703525,2353.036698,0.512401911,0.058287221,872.6395158,0.501706871,6.83,0.8487890100877935,3.166257213837415,0.6475830960633676,12.36,10.31,10.703377760331223,58.9,11.1,101.1350406396389,35.993014,-79.034349,WGS84,5950,10,61.64141061,0.038,run,4.93,5.46,0.015,0.1806,3.99,NA,2.25,6.95,6.89,0.3998,0.005,0.0177408,0.4561750836108824,0.004982521864081928,0.9208311200476366,1.3139456187004208,2.17901299044993,0.434969145547549,5.913488133476003,2.9577848717531503,8.9205792270847,0.6327068263307639,59.61875,10.291979166666668,10.638483036804143,12.496145833333333,2.766485693202324,101.15477304259822,12.500520833333333,WB_2020-02-12,0.00397935127800959
WB,2020-02-12,2020-02-12T14:45:00Z,2020-02-12,1.427125935,2153.906626,0.500380961,0.058287221,872.6395158,0.501706871,6.83,0.8487890100877935,3.166257213837415,0.6475830960633676,12.36,10.31,10.703377760331223,58.9,11.1,101.1350406396389,35.993014,-79.034349,WGS84,5950,10,61.64141061,0.038,run,4.93,5.46,0.015,0.1806,3.99,NA,2.25,6.95,6.89,0.3998,0.005,0.0177408,0.4561750836108824,0.004982521864081928,0.9208311200476366,1.3139456187004208,2.17901299044993,0.434969145547549,5.913488133476003,2.9577848717531503,8.9205792270847,0.6327068263307639,59.61875,10.291979166666668,10.638483036804143,12.496145833333333,2.766485693202324,101.15477304259822,12.500520833333333,WB_2020-02-12,0.00397935127800959
WBP,2020-02-12,2020-02-12T15:15:00Z,2020-02-12,2.582893971,2554.340324,0.606860516,0.058248682,872.0625259,0.501375142,6.79,1.1620793258075128,3.168782136447183,0.6499146422897536,12.42,10.49,10.689148336589586,51.4,11.25,101.10296175015749,35.994973,-79.033925,WGS84,6120,15.6,61.38241308,0.021,pool,4.94,5.45,0.015,0.1793,3.98,NA,2.25,6.97,6.938,0.378,0.005,0.0158896,0.5568198561527221,0,1.5010040328937289,1.0238054078883143,2.611632989215769,0,2.7202177868415127,1.197128103167516,4.538261145106772,0.6350426870011201,52.39479166666667,10.420208333333333,10.627720796086175,12.541041666666667,2.7904464983200414,101.15477304259822,12.500520833333333,WBP_2020-02-12,0.00219911495598649
WBP,2020-02-12,2020-02-12T15:15:00Z,2020-02-12,2.660425505,2622.742914,0.552725788,0.058248682,872.0625259,0.501375142,6.79,1.1620793258075128,3.168782136447183,0.6499146422897536,12.42,10.49,10.689148336589586,51.4,11.25,101.10296175015749,35.994973,-79.033925,WGS84,6120,15.6,61.38241308,0.021,pool,4.94,5.45,0.015,0.1793,3.98,NA,2.25,6.97,6.938,0.378,0.005,0.0158896,0.5568198561527221,0,1.5010040328937289,1.0238054078883143,2.611632989215769,0,2.7202177868415127,1.197128103167516,4.538261145106772,0.6350426870011201,52.39479166666667,10.420208333333333,10.627720796086175,12.541041666666667,2.7904464983200414,101.15477304259822,12.500520833333333,WBP_2020-02-12,0.00219911495598649
UNHC,2020-02-12,2020-02-12T15:45:00Z,2020-02-12,1.837466629,2618.070368,0.563610874,0.058365242,874.5999868,0.502928154,7.21,0.8390753948502008,3.4956266301969965,0.4824812665734626,12.56,9.81,10.654392284538966,66.6,11.55,101.07796441646863,35.9925,-79.046,WGS84,8450,13.8,58.01544528,0.018,run,4.92744375,5.38251686,0.005,0.19134344,3.78632504,0.8027278,1.8682965,5.46935774,7.506,0.4227,0.005,0.0136056,0.5125595919061254,0.05701955178605371,0.9888018326085939,3.3451551812189733,4.830072949381537,1.9021948810427958,10.307132314871257,5.802678429530004,14.767906146118815,0.4639078498197052,66.6,9.578854166666666,10.619606767542782,12.56625,3.1188586223729895,101.15477304259822,12.500520833333333,UNHC_2020-02-12,0.00188495565416643
UNHC,2020-02-12,2020-02-12T15:45:00Z,2020-02-12,2.004088264,2487.395917,0.562291561,0.058365242,874.5999868,0.502928154,7.21,0.8390753948502008,3.4956266301969965,0.4824812665734626,12.56,9.81,10.654392284538966,66.6,11.55,101.07796441646863,35.9925,-79.046,WGS84,8450,13.8,58.01544528,0.018,run,4.92744375,5.38251686,0.005,0.19134344,3.78632504,0.8027278,1.8682965,5.46935774,7.506,0.4227,0.005,0.0136056,0.5125595919061254,0.05701955178605371,0.9888018326085939,3.3451551812189733,4.830072949381537,1.9021948810427958,10.307132314871257,5.802678429530004,14.767906146118815,0.4639078498197052,66.6,9.578854166666666,10.619606767542782,12.56625,3.1188586223729895,101.15477304259822,12.500520833333333,UNHC_2020-02-12,0.00188495565416643
MC751,2020-02-12,2020-02-12T13:15:00Z,2020-02-12,8.942669575,5360.805241,0.983966308,0.058881538,884.7383639,0.509045029,6.64,NA,NA,NA,12,9.25,10.668973471741637,90.2,10.725,101.150453751224,36.0087,-78.9683,WGS84,NA,4,3.574165825,0.01,pool,6.61,8.41,0.015,0.231,5.94,NA,3.21,10.55,7.143,0.4721,0.01436,0.0124008,NA,NA,NA,NA,NA,NA,NA,NA,NA,NA,90.2,9.25,10.668973471741637,12,NA,NA,NA,MC751_2020-02-12,NA
MC751,2020-02-12,2020-02-12T13:15:00Z,2020-02-12,9.663518291,5704.303362,1.043923876,0.058881538,884.7383639,0.509045029,6.64,NA,NA,NA,12,9.25,10.668973471741637,90.2,10.725,101.150453751224,36.0087,-78.9683,WGS84,NA,4,3.574165825,0.01,pool,6.61,8.41,0.015,0.231,5.94,NA,3.21,10.55,7.143,0.4721,0.01436,0.0124008,NA,NA,NA,NA,NA,NA,NA,NA,NA,NA,90.2,9.25,10.668973471741637,12,NA,NA,NA,MC751_2020-02-12,NA
NHC,2020-02-27,2020-02-27T16:00:00Z,2020-02-27,1.783769039,1006.070859,0.614865945,0.062340676,957.2580984,0.553325037,7.73,0.9681484774662028,0.42108564932332915,0.3651749993088026,9.78,12.14,11.292036580813914,85,6.1,100.84435637593155,35.9795,-79.0018,WGS84,0,10,81.06622487,0.022,run,7.92219773,7.24589772,0.06057479,0.15194832,5.16862136,0.7061614,2.3636875,8.26839306,4.142,0.2184,0.005,0.005,1.876191637256082,1.352640222765659,2.3737971344082,0.2821705191706202,0.8281389706760127,0,13.654264762217188,10.303083759582142,17.036333319818517,0.36727301698542664,84.72395833333333,11.418958333333334,11.223866240176866,9.988229166666667,0.4410050790553349,100.6465959592649,6.251041666666667,NHC_2020-02-27,0.00230383472585434
NHC,2020-02-27,2020-02-27T16:00:00Z,2020-02-27,1.686844756,970.8658785,0.647862492,0.062340676,957.2580984,0.553325037,7.73,0.9681484774662028,0.42108564932332915,0.3651749993088026,9.78,12.14,11.292036580813914,85,6.1,100.84435637593155,35.9795,-79.0018,WGS84,0,10,81.06622487,0.022,run,7.92219773,7.24589772,0.06057479,0.15194832,5.16862136,0.7061614,2.3636875,8.26839306,4.142,0.2184,0.005,0.005,1.876191637256082,1.352640222765659,2.3737971344082,0.2821705191706202,0.8281389706760127,0,13.654264762217188,10.303083759582142,17.036333319818517,0.36727301698542664,84.72395833333333,11.418958333333334,11.223866240176866,9.988229166666667,0.4410050790553349,100.6465959592649,6.251041666666667,NHC_2020-02-27,0.00230383472585434
PM,2020-02-27,2020-02-27T16:15:00Z,2020-02-27,1.267236779,916.4005869,0.560182139,0.061492257,939.9796765,0.542804507,7,0.972702678253364,0.4051715165159349,0.34153618400552116,10.3,11.28,11.15454216805119,67.45,6.25,100.84435637593155,35.987235,-79.008397,WGS84,1570,18.5,68.63434374,0.042,pool,7.94,7.34,0.015,0.0996,5.64,NA,2.86,8.9,4.226,0.2314,0.005,0.005,0.9207142960815733,0.27959048757519384,1.5004620308677434,1.068999092657279,2.102668974089213,0.025193981855254104,6.614415180670874,3.367048231664956,10.187037288612807,0.3438125154765717,67.51614583333334,10.850833333333334,11.07241832575116,10.540208333333334,0.4216493779233451,100.6465959592649,6.251041666666667,PM_2020-02-27,0.00439823050281498
PM,2020-02-27,2020-02-27T16:15:00Z,2020-02-27,1.048484817,871.1051888,0.6086147,0.061492257,939.9796765,0.542804507,7,0.972702678253364,0.4051715165159349,0.34153618400552116,10.3,11.28,11.15454216805119,67.45,6.25,100.84435637593155,35.987235,-79.008397,WGS84,1570,18.5,68.63434374,0.042,pool,7.94,7.34,0.015,0.0996,5.64,NA,2.86,8.9,4.226,0.2314,0.005,0.005,0.9207142960815733,0.27959048757519384,1.5004620308677434,1.068999092657279,2.102668974089213,0.025193981855254104,6.614415180670874,3.367048231664956,10.187037288612807,0.3438125154765717,67.51614583333334,10.850833333333334,11.07241832575116,10.540208333333334,0.4216493779233451,100.6465959592649,6.251041666666667,PM_2020-02-27,0.00439823050281498
CBP,2020-02-27,2020-02-27T17:15:00Z,2020-02-27,0.944640574,1173.385446,0.595034212,0.061038314,931.3571389,0.537615565,7.2,1.1426209766342237,0.4029130879089989,0.3060998916248997,10.4133,11.65,11.1232997980774,68.5,7.1000000000000005,100.82935637593155,35.98549,-79.022675,WGS84,3450,18.3,66.04436851,0.037,pool,8.02,7.4,0.07,0.097,5.63,NA,2.88,9.08,3.97,0.211,0.005,0.005,0.9928743926197312,0.5119784707637902,1.4594367758785762,1.2594343556547156,2.0465598198044037,0.4588418919818686,7.016851081804765,4.640102176716041,9.67618982639317,0.30846923204259297,68.74270833333334,10.83375,11.113648530871577,10.383333333333333,0.4176169401959473,100.6465959592649,6.251041666666667,CBP_2020-02-27,0.00387463147802864
CBP,2020-02-27,2020-02-27T17:15:00Z,2020-02-27,0.958084001,1003.431907,0.540553322,0.061038314,931.3571389,0.537615565,7.2,1.1426209766342237,0.4029130879089989,0.3060998916248997,10.4133,11.65,11.1232997980774,68.5,7.1000000000000005,100.82935637593155,35.98549,-79.022675,WGS84,3450,18.3,66.04436851,0.037,pool,8.02,7.4,0.07,0.097,5.63,NA,2.88,9.08,3.97,0.211,0.005,0.005,0.9928743926197312,0.5119784707637902,1.4594367758785762,1.2594343556547156,2.0465598198044037,0.4588418919818686,7.016851081804765,4.640102176716041,9.67618982639317,0.30846923204259297,68.74270833333334,10.83375,11.113648530871577,10.383333333333333,0.4176169401959473,100.6465959592649,6.251041666666667,CBP_2020-02-27,0.00387463147802864
WB,2020-02-27,2020-02-27T18:00:00Z,2020-02-27,1.846439908,1136.069117,0.560834454,0.060620967,923.3194579,0.532768842,7.31,0.7053627159170996,0.3998638672720451,0.49622581915457914,10.366666666666667,11.93,11.134331554456622,73.45555555555555,8.3,100.78435637593157,35.993014,-79.034349,WGS84,5950,10,61.64141061,0.038,run,7.71,7.22,0.015,0.1271,5.54,NA,2.87,8.93,3.914,0.2473,0.005,0.005,1.2411844061105608,0.7417043157371724,1.7386042449706487,0.9633920548663896,1.753490593471476,0.16940950759043782,4.399654964296129,2.3204649428531017,6.526591518578475,0.49777155453686317,73.37395833333333,11.18203125,11.071284010356832,10.547916666666667,0.4107617960453586,100.6465959592649,6.251041666666667,WB_2020-02-27,0.00397935127800959
WB,2020-02-27,2020-02-27T18:00:00Z,2020-02-27,1.88124999,1198.800701,0.575692236,0.060620967,923.3194579,0.532768842,7.31,0.7053627159170996,0.3998638672720451,0.49622581915457914,10.366666666666667,11.93,11.134331554456622,73.45555555555555,8.3,100.78435637593157,35.993014,-79.034349,WGS84,5950,10,61.64141061,0.038,run,7.71,7.22,0.015,0.1271,5.54,NA,2.87,8.93,3.914,0.2473,0.005,0.005,1.2411844061105608,0.7417043157371724,1.7386042449706487,0.9633920548663896,1.753490593471476,0.16940950759043782,4.399654964296129,2.3204649428531017,6.526591518578475,0.49777155453686317,73.37395833333333,11.18203125,11.071284010356832,10.547916666666667,0.4107617960453586,100.6465959592649,6.251041666666667,WB_2020-02-27,0.00397935127800959
WBP,2020-02-27,2020-02-27T18:30:00Z,2020-02-27,4.332550678,1392.316435,0.651103072,0.060900365,929.2522371,0.536400534,7.32,0.9756062956046396,0.4005137478435046,0.49310659861203177,10.3,11.97,11.145022092148617,64.8,8.850000000000001,100.75935637593156,35.994973,-79.033925,WGS84,6120,15.6,61.38241308,0.021,pool,7.27,6.88,0.015,0.1236,5.2,NA,2.77,9.07,3.719,0.2316,0.005,0.005,1.8960282989434423,0.8729243880624247,2.9168398322051186,1.229036099935147,2.9603337247223562,0,1.7042013546805754,0.3868335581324745,3.320571857898339,0.49452768953595577,65.21875,11.255520833333334,11.053624089217314,10.611666666666666,0.41035855226172024,100.6465959592649,6.251041666666667,WBP_2020-02-27,0.00219911495598649
UNHC,2020-02-27,2020-02-27T17:00:00Z,2020-02-27,2.753203503,685.5522273,0.577179412,0.060949053,929.9951436,0.536829369,7.79,0.5247934399022084,0.3830942074290211,0.28451010596404397,10.651,11.95,11.063393324957046,92.6,6.7,100.84435637593155,35.9925,-79.046,WGS84,8450,13.8,58.01544528,0.018,run,3.27938008,2.8755791,0.005,0.28644484,2.98876784,1.348213,1.65108925,4.69657422,3.881,0.2735,0.005,0.005,2.0483489967927975,1.4147977522831197,2.7029814846299596,2.5130865948857197,3.578950424672762,1.5307524318178505,9.294150868889545,6.304159057812865,12.510299012808034,0.2881479043584998,92.6,10.764166666666666,11.106377454465909,10.414520833333333,0.4051163832145462,100.6465959592649,6.251041666666667,UNHC_2020-02-27,0.00188495565416643
UNHC,2020-02-27,2020-02-27T17:00:00Z,2020-02-27,3.137689664,805.9818393,0.657975141,0.060949053,929.9951436,0.536829369,7.79,0.5247934399022084,0.3830942074290211,0.28451010596404397,10.651,11.95,11.063393324957046,92.6,6.7,100.84435637593155,35.9925,-79.046,WGS84,8450,13.8,58.01544528,0.018,run,3.27938008,2.8755791,0.005,0.28644484,2.98876784,1.348213,1.65108925,4.69657422,3.881,0.2735,0.005,0.005,2.0483489967927975,1.4147977522831197,2.7029814846299596,2.5130865948857197,3.578950424672762,1.5307524318178505,9.294150868889545,6.304159057812865,12.510299012808034,0.2881479043584998,92.6,10.764166666666666,11.106377454465909,10.414520833333333,0.4051163832145462,100.6465959592649,6.251041666666667,UNHC_2020-02-27,0.00188495565416643
MC751,2020-02-27,2020-02-27T19:30:00Z,2020-02-27,18.5342826,3614.962069,0.864542417,0.061927191,950.0515472,0.549051222,7.15,NA,NA,NA,9.7,10.58,11.231422505307854,141.8,9.4,100.73935637593156,36.0087,-78.9683,WGS84,NA,4,3.574165825,0.01,pool,14.34,11.87,0.13,0.1243,10.22,NA,4.71,14.91,4.254,0.298,0.0118445,0.005,NA,NA,NA,NA,NA,NA,NA,NA,NA,NA,141.8,10.58,11.231422505307854,9.7,NA,NA,NA,MC751_2020-02-27,NA
MC751,2020-02-27,2020-02-27T19:30:00Z,2020-02-27,18.9807072,3857.933647,1.004085259,0.061927191,950.0515472,0.549051222,7.15,NA,NA,NA,9.7,10.58,11.231422505307854,141.8,9.4,100.73935637593156,36.0087,-78.9683,WGS84,NA,4,3.574165825,0.01,pool,14.34,11.87,0.13,0.1243,10.22,NA,4.71,14.91,4.254,0.298,0.0118445,0.005,NA,NA,NA,NA,NA,NA,NA,NA,NA,NA,141.8,10.58,11.231422505307854,9.7,NA,NA,NA,MC751_2020-02-27,NA
NHC,2020-03-11,2020-03-11T18:00:00Z,2020-03-11,4.376358783,819.2846465,0.664795895,0.057034375,846.9394334,0.48611914,7.18,0.8814609000957887,0.220457566725755,0.33617444184395834,14.18,12.03,10.223900862477567,105,22.2,100.84879330595004,35.9795,-79.0018,WGS84,0,10,81.06622487,0.022,run,10.1,7.5,0.09,0.004,6.75,NA,3.47,10.87,2.328,0.0936,0.005,0.005,2.0878395003354733,1.6271047310390738,2.541232096445488,1.1230664314824794,1.693628266560962,0.5990187896927645,8.530836594455842,6.404051930107253,10.586910352077581,0.3368583838913087,106.6875,10.815,10.33860432008093,13.766875,0.22402134298871532,101.0415959592649,17.6046875,NHC_2020-03-11,0.00230383472585434
NHC,2020-03-11,2020-03-11T18:00:00Z,2020-03-11,4.281421788,693.0235086,0.564419069,0.057034375,846.9394334,0.48611914,7.18,0.8814609000957887,0.220457566725755,0.33617444184395834,14.18,12.03,10.223900862477567,105,22.2,100.84879330595004,35.9795,-79.0018,WGS84,0,10,81.06622487,0.022,run,10.1,7.5,0.09,0.004,6.75,NA,3.47,10.87,2.328,0.0936,0.005,0.005,2.0878395003354733,1.6271047310390738,2.541232096445488,1.1230664314824794,1.693628266560962,0.5990187896927645,8.530836594455842,6.404051930107253,10.586910352077581,0.3368583838913087,106.6875,10.815,10.33860432008093,13.766875,0.22402134298871532,101.0415959592649,17.6046875,NHC_2020-03-11,0.00230383472585434
PM,2020-03-11,2020-03-11T21:30:00Z,2020-03-11,1.992124055,325.7423779,0.484404673,0.054889032,804.0438613,0.460245634,7.89,NA,0.2261611600687636,0.3083267772955672,16.9502864,10.452500000000017,9.617247397009336,94.06666666666668,22.25,100.56715152485418,35.987235,-79.008397,WGS84,1570,18.5,68.63434374,0.042,pool,10.71,8.26,0.09,0.0055,6.94,NA,3.92,12.8,2.481,0.1103,0.005,0.005,0.9563367841308641,0.3192122187129911,1.6033673479062998,1.4496073699483465,2.4822419991453915,0.44354178880133194,4.062428325338345,1.3013436323722907,6.857716658327325,0.30845593705156027,94.06666666666668,9.881857638888897,10.155286486752175,14.608659625,0.2267283338799882,101.0415959592649,17.6046875,PM_2020-03-11,0.00439823050281498
PM,2020-03-11,2020-03-11T21:30:00Z,2020-03-11,1.697823583,210.7523055,0.469185238,0.054889032,804.0438613,0.460245634,7.89,NA,0.2261611600687636,0.3083267772955672,16.9502864,10.452500000000017,9.617247397009336,94.06666666666668,22.25,100.56715152485418,35.987235,-79.008397,WGS84,1570,18.5,68.63434374,0.042,pool,10.71,8.26,0.09,0.0055,6.94,NA,3.92,12.8,2.481,0.1103,0.005,0.005,0.9563367841308641,0.3192122187129911,1.6033673479062998,1.4496073699483465,2.4822419991453915,0.44354178880133194,4.062428325338345,1.3013436323722907,6.857716658327325,0.30845593705156027,94.06666666666668,9.881857638888897,10.155286486752175,14.608659625,0.2267283338799882,101.0415959592649,17.6046875,PM_2020-03-11,0.00439823050281498
CBP,2020-03-11,2020-03-11T19:45:00Z,2020-03-11,2.418112148,345.1707224,0.51377576,0.055460255,816.115197,0.46757478,7.66,NA,0.22775354803416345,0.2687386195071499,14.3,10.951000000000006,9.823262389090385,94.06666666666668,23.175,100.55632530168396,35.98549,-79.022675,WGS84,3450,18.3,66.04436851,0.037,pool,10.73,8.15,0.09,0.0193,6.85,NA,3.9,12.94,2.471,0.1166,0.005,0.005,NA,NA,NA,NA,NA,NA,2.5385120973945043,0.93829937834699,4.1519940030495,0.26932689788241093,94.06666666666668,10.951000000000006,9.823262389090385,14.3,0.229969826157436,101.0415959592649,17.6046875,CBP_2020-03-11,0.00387463147802864
CBP,2020-03-11,2020-03-11T19:45:00Z,2020-03-11,2.472022209,387.9550643,0.5207421,0.055460255,816.115197,0.46757478,7.66,NA,0.22775354803416345,0.2687386195071499,14.3,10.951000000000006,9.823262389090385,94.06666666666668,23.175,100.55632530168396,35.98549,-79.022675,WGS84,3450,18.3,66.04436851,0.037,pool,10.73,8.15,0.09,0.0193,6.85,NA,3.9,12.94,2.471,0.1166,0.005,0.005,NA,NA,NA,NA,NA,NA,2.5385120973945043,0.93829937834699,4.1519940030495,0.26932689788241093,94.06666666666668,10.951000000000006,9.823262389090385,14.3,0.229969826157436,101.0415959592649,17.6046875,CBP_2020-03-11,0.00387463147802864
WB,2020-03-11,2020-03-11T20:30:00Z,2020-03-11,3.094778857,822.7789339,0.542133236,0.055364418,814.7049221,0.466766795,7.48,0.6249636449880251,0.23849453939379717,0.4643059414149583,14.4,11.19,10.15999769420202,100.4,23.05,100.4496701890323,35.993014,-79.034349,WGS84,5950,10,61.64141061,0.038,run,10.14,7.82,0.1,0.0521,6.62,NA,3.88,12.83,2.403,0.1361,0.005,0.005,0.791437124907016,0.3200950238974868,1.2199120610074965,0.7202836142139397,1.578672521913946,0,2.12559731057951,0.024690641797513187,4.508764978461564,0.4632351256937029,98.24427083333333,10.833333333333334,10.405056902630369,13.4609375,0.23428032120723358,101.0415959592649,17.6046875,WB_2020-03-11,0.00397935127800959
WBP,2020-03-11,2020-03-11T20:45:00Z,2020-03-11,6.691794324,1251.397148,0.543647303,0.055111342,809.5069998,0.463621852,7.46,0.9080889481508976,0.23646045167224375,0.4596097351235835,15.78,11.33,9.860909728615614,90.9,22.925,100.4434201890323,35.994973,-79.033925,WGS84,6120,15.6,61.38241308,0.021,pool,10.17,7.81,0.1,0.0574,6.62,NA,3.9,13.18,2.354,0.1487,0.005,0.005,1.0986887771573504,0.026561485040407104,2.1861765291513553,1.0724140423940178,2.874425645210676,0,1.372714707750244,0.16468577453460073,2.931590252182379,0.45911113448123836,87.64479166666666,11.023229166666667,10.332312634608778,13.792291666666667,0.23457343487061982,101.0415959592649,17.6046875,WBP_2020-03-11,0.00219911495598649
WBP,2020-03-11,2020-03-11T20:45:00Z,2020-03-11,8.443223525,1413.513437,0.560856263,0.055111342,809.5069998,0.463621852,7.46,0.9080889481508976,0.23646045167224375,0.4596097351235835,15.78,11.33,9.860909728615614,90.9,22.925,100.4434201890323,35.994973,-79.033925,WGS84,6120,15.6,61.38241308,0.021,pool,10.17,7.81,0.1,0.0574,6.62,NA,3.9,13.18,2.354,0.1487,0.005,0.005,1.0986887771573504,0.026561485040407104,2.1861765291513553,1.0724140423940178,2.874425645210676,0,1.372714707750244,0.16468577453460073,2.931590252182379,0.45911113448123836,87.64479166666666,11.023229166666667,10.332312634608778,13.792291666666667,0.23457343487061982,101.0415959592649,17.6046875,WBP_2020-03-11,0.00219911495598649
UNHC,2020-03-11,2020-03-11T19:15:00Z,2020-03-11,5.070206275,237.5049147,0.54867911,0.054365635,794.2049896,0.454370944,7.82,0.47228616352295194,0.233135247636634,0.252679844165479,15.664,12.092026630078658,9.893575881565136,94.06666666666668,22.925,100.4846701890323,35.9925,-79.046,WGS84,8450,13.8,58.01544528,0.018,run,10.55,7.72,0.09,0.0921,6.66,NA,3.5,11.58,2.425,0.1681,0.005,0.005,2.04901798449251,1.5142259148426203,2.593171186923619,2.1072928661836445,2.894450271909037,1.3409555199294263,5.1144768911461735,3.1634130259524813,7.012367365994125,0.25407257633294833,94.06666666666668,10.397331268293193,10.323934167400298,13.844479166666666,0.23859081625703116,101.0415959592649,17.6046875,UNHC_2020-03-11,0.00188495565416643
UNHC,2020-03-11,2020-03-11T19:15:00Z,2020-03-11,5.514410622,215.4632227,0.595367281,0.054365635,794.2049896,0.454370944,7.82,0.47228616352295194,0.233135247636634,0.252679844165479,15.664,12.092026630078658,9.893575881565136,94.06666666666668,22.925,100.4846701890323,35.9925,-79.046,WGS84,8450,13.8,58.01544528,0.018,run,10.55,7.72,0.09,0.0921,6.66,NA,3.5,11.58,2.425,0.1681,0.005,0.005,2.04901798449251,1.5142259148426203,2.593171186923619,2.1072928661836445,2.894450271909037,1.3409555199294263,5.1144768911461735,3.1634130259524813,7.012367365994125,0.25407257633294833,94.06666666666668,10.397331268293193,10.323934167400298,13.844479166666666,0.23859081625703116,101.0415959592649,17.6046875,UNHC_2020-03-11,0.00188495565416643
MC751,2020-03-11,2020-03-11T22:30:00Z,2020-03-11,40.74082592,3256.225181,0.536439433,0.054503039,796.93751,0.456015275,7.26,NA,NA,NA,15,NA,NA,NA,21.15,100.42550174482486,36.0087,-78.9683,WGS84,NA,4,3.574165825,0.01,pool,18.27,13.07,0.16,0.0015,12.48,NA,7.19,19.22,2.982,0.1191,0.005,0.005,NA,NA,NA,NA,NA,NA,NA,NA,NA,NA,NA,NA,NA,15,NA,NA,NA,MC751_2020-03-11,NA
MC751,2020-03-11,2020-03-11T22:30:00Z,2020-03-11,43.81786665,3553.325127,0.578526993,0.054503039,796.93751,0.456015275,7.26,NA,NA,NA,15,NA,NA,NA,21.15,100.42550174482486,36.0087,-78.9683,WGS84,NA,4,3.574165825,0.01,pool,18.27,13.07,0.16,0.0015,12.48,NA,7.19,19.22,2.982,0.1191,0.005,0.005,NA,NA,NA,NA,NA,NA,NA,NA,NA,NA,NA,NA,NA,15,NA,NA,NA,MC751_2020-03-11,NA
NHC,2020-03-20,2020-03-20T17:15:00Z,2020-03-20,7.819191333,1722.979456,0.485192575,0.052131165,745.0709762,0.424490368,6.8,0.8569173037331669,0.18143389424172768,0.3279037093119068,18.616,10.03,9.35800989508717,108,27.1,101.31334819863102,35.9795,-79.0018,WGS84,0,10,81.06622487,0.022,run,10.76,6.98,0.09,0.0015,7.12,NA,3.79,12.12,2.381,0.09932,0.005,0.005,2.1553858823675602,1.5705478569551568,2.7069620990184746,3.7469339548754217,4.7301908887928015,2.760084682652985,8.483288114878778,6.133142824031176,10.87347480116275,0.32927464399427636,108,8.981041666666666,9.339662442090269,18.730260416666667,0.1874809665251845,101.35430429259823,23.856770833333332,NHC_2020-03-20,0.00230383472585434
NHC,2020-03-20,2020-03-20T17:15:00Z,2020-03-20,7.834876727,1456.394469,0.469118804,0.052131165,745.0709762,0.424490368,6.8,0.8569173037331669,0.18143389424172768,0.3279037093119068,18.616,10.03,9.35800989508717,108,27.1,101.31334819863102,35.9795,-79.0018,WGS84,0,10,81.06622487,0.022,run,10.76,6.98,0.09,0.0015,7.12,NA,3.79,12.12,2.381,0.09932,0.005,0.005,2.1553858823675602,1.5705478569551568,2.7069620990184746,3.7469339548754217,4.7301908887928015,2.760084682652985,8.483288114878778,6.133142824031176,10.87347480116275,0.32927464399427636,108,8.981041666666666,9.339662442090269,18.730260416666667,0.1874809665251845,101.35430429259823,23.856770833333332,NHC_2020-03-20,0.00230383472585434
CBP,2020-03-20,2020-03-20T18:30:00Z,2020-03-20,4.765884941,1013.865029,0.354521868,0.050733882,717.8425464,0.408224472,7.21,NA,0.19422861559977972,0.25914947542817324,18.6,8.62,8.941908713692944,110.2,28.6,101.02462486174261,35.98549,-79.022675,WGS84,3450,18.3,66.04436851,0.037,pool,11.15,7.53,0.09,0.0015,7.07,NA,4.04,13.3,3.201,0.1184,0.005,0.005,NA,NA,NA,NA,NA,NA,1.6785214690777521,0.12814372568546778,3.4873153354192294,0.2605944237440782,110.2,8.62,8.941908713692944,18.6,0.1990686377071474,101.35430429259823,23.856770833333332,CBP_2020-03-20,0.00387463147802864
CBP,2020-03-20,2020-03-20T18:30:00Z,2020-03-20,5.041177433,956.4701465,0.39934633,0.050733882,717.8425464,0.408224472,7.21,NA,0.19422861559977972,0.25914947542817324,18.6,8.62,8.941908713692944,110.2,28.6,101.02462486174261,35.98549,-79.022675,WGS84,3450,18.3,66.04436851,0.037,pool,11.15,7.53,0.09,0.0015,7.07,NA,4.04,13.3,3.201,0.1184,0.005,0.005,NA,NA,NA,NA,NA,NA,1.6785214690777521,0.12814372568546778,3.4873153354192294,0.2605944237440782,110.2,8.62,8.941908713692944,18.6,0.1990686377071474,101.35430429259823,23.856770833333332,CBP_2020-03-20,0.00387463147802864
WB,2020-03-20,2020-03-20T19:00:00Z,2020-03-20,5.749772327,1336.049477,0.422570846,0.050436547,712.3301463,0.404955705,7.22,NA,0.19934756405728796,0.45371798044914263,20.7909128,10.27,8.938416362561753,108.5,28.9,100.90546974909095,35.993014,-79.034349,WGS84,5950,10,61.64141061,0.038,run,10.46,7.31,0.05,0.0033,6.85,NA,4.11,13.88,3.14,0.1237,0.005,0.005,1.2082005136177907,0.6780803733326043,1.7174524321207256,0.876152013188086,1.6967379653700236,0.11836070213445891,1.947183638341556,0.6964221929157367,3.353372946921079,0.4560270266956077,111.0921568627451,9.5025,9.3022576034969,18.9534712375,0.2074655008824828,101.35430429259823,23.856770833333332,WB_2020-03-20,0.00397935127800959
WB,2020-03-20,2020-03-20T19:00:00Z,2020-03-20,6.199604315,1494.197208,0.460616801,0.050436547,712.3301463,0.404955705,7.22,NA,0.19934756405728796,0.45371798044914263,20.7909128,10.27,8.938416362561753,108.5,28.9,100.90546974909095,35.993014,-79.034349,WGS84,5950,10,61.64141061,0.038,run,10.46,7.31,0.05,0.0033,6.85,NA,4.11,13.88,3.14,0.1237,0.005,0.005,1.2082005136177907,0.6780803733326043,1.7174524321207256,0.876152013188086,1.6967379653700236,0.11836070213445891,1.947183638341556,0.6964221929157367,3.353372946921079,0.4560270266956077,111.0921568627451,9.5025,9.3022576034969,18.9534712375,0.2074655008824828,101.35430429259823,23.856770833333332,WB_2020-03-20,0.00397935127800959
WBP,2020-03-20,2020-03-20T19:15:00Z,2020-03-20,10.36586923,2276.260453,0.430278399,0.051355884,731.3115883,0.416370149,7,NA,0.20039604936180247,0.44956759078368097,20.893374,9.49,8.918216517411388,109.4,29.025,100.85297508171328,35.994973,-79.033925,WGS84,6120,15.6,61.38241308,0.021,pool,10.47,7.22,0.02,0.0023,6.82,NA,4.3,14.41,3.099,0.1434,0.005,0.005,1.0606151078704484,0,2.0733089283748307,0.7863227497651162,2.556821713774087,0,1.3962936272207513,0.2965291855300613,2.822811355605566,0.4517904034877423,99.78703703703704,9.630698909830008,9.259074685011456,19.176300504166665,0.20803648757840562,101.35430429259823,23.856770833333332,WBP_2020-03-20,0.00219911495598649
WBP,2020-03-20,2020-03-20T19:15:00Z,2020-03-20,9.094954276,2232.112472,0.40631887,0.051355884,731.3115883,0.416370149,7,NA,0.20039604936180247,0.44956759078368097,20.893374,9.49,8.918216517411388,109.4,29.025,100.85297508171328,35.994973,-79.033925,WGS84,6120,15.6,61.38241308,0.021,pool,10.47,7.22,0.02,0.0023,6.82,NA,4.3,14.41,3.099,0.1434,0.005,0.005,1.0606151078704484,0,2.0733089283748307,0.7863227497651162,2.556821713774087,0,1.3962936272207513,0.2965291855300613,2.822811355605566,0.4517904034877423,99.78703703703704,9.630698909830008,9.259074685011456,19.176300504166665,0.20803648757840562,101.35430429259823,23.856770833333332,WBP_2020-03-20,0.00219911495598649
UNHC,2020-03-20,2020-03-20T18:00:00Z,2020-03-20,8.669237871,749.6053234,0.395499694,0.05054137,714.4643639,0.406236105,7.41,0.46127270423504874,0.20860715101574367,0.2460580029648323,19.662,11.81,9.152485221483875,111.7,28.3,100.97046974909097,35.9925,-79.046,WGS84,8450,13.8,58.01544528,0.018,run,10.93,7.25,0.1,0.0554,6.93,NA,3.75,12.55,2.706,0.1458,0.005,0.005,2.7492539746204474,2.1223595336579364,3.3557971488566074,2.7224929795144424,3.560937274038706,1.9141989740832122,4.488806978586643,3.047410183100185,5.984552214148908,0.24803967331156418,111.7,9.582083333333333,9.34126991902931,18.735416666666666,0.21586236405781822,101.35430429259823,23.856770833333332,UNHC_2020-03-20,0.00188495565416643
UNHC,2020-03-20,2020-03-20T18:00:00Z,2020-03-20,9.157106378,789.0171276,0.432949692,0.05054137,714.4643639,0.406236105,7.41,0.46127270423504874,0.20860715101574367,0.2460580029648323,19.662,11.81,9.152485221483875,111.7,28.3,100.97046974909097,35.9925,-79.046,WGS84,8450,13.8,58.01544528,0.018,run,10.93,7.25,0.1,0.0554,6.93,NA,3.75,12.55,2.706,0.1458,0.005,0.005,2.7492539746204474,2.1223595336579364,3.3557971488566074,2.7224929795144424,3.560937274038706,1.9141989740832122,4.488806978586643,3.047410183100185,5.984552214148908,0.24803967331156418,111.7,9.582083333333333,9.34126991902931,18.735416666666666,0.21586236405781822,101.35430429259823,23.856770833333332,UNHC_2020-03-20,0.00188495565416643
MC751,2020-03-20,2020-03-20T19:45:00Z,2020-03-20,64.62305193,6221.558336,0.415443879,0.050416501,712.0470262,0.404794753,7.05,NA,NA,NA,18.8,7.35,9.187499999999998,331.3,29.275,100.84797241540213,36.0087,-78.9683,WGS84,NA,4,3.574165825,0.01,pool,62.84,12.65,0.33,0.0203,31.99,NA,8.84,23.96,3.243,0.3013,0.0207455,0.005,NA,NA,NA,NA,NA,NA,NA,NA,NA,NA,331.3,7.35,9.187499999999998,18.8,NA,NA,NA,MC751_2020-03-20,NA
MC751,2020-03-20,2020-03-20T19:45:00Z,2020-03-20,66.65041903,6254.665193,0.405081087,0.050416501,712.0470262,0.404794753,7.05,NA,NA,NA,18.8,7.35,9.187499999999998,331.3,29.275,100.84797241540213,36.0087,-78.9683,WGS84,NA,4,3.574165825,0.01,pool,62.84,12.65,0.33,0.0203,31.99,NA,8.84,23.96,3.243,0.3013,0.0207455,0.005,NA,NA,NA,NA,NA,NA,NA,NA,NA,NA,331.3,7.35,9.187499999999998,18.8,NA,NA,NA,MC751_2020-03-20,NA
